id,variant,status,cpu_ns,strong_ns,speedup
001-instcombine-foldaddtoashr-n87-d16.pbqp,current,search-node-limit,,,
001-instcombine-foldaddtoashr-n87-d16.pbqp,degree,search-node-limit,,,
002-instcombine-foldnowrapadd-n114-d16.pbqp,current,search-node-limit,,,
002-instcombine-foldnowrapadd-n114-d16.pbqp,degree,search-node-limit,,,
003-instcombine-foldnowrapadd-n114-d16-r1.pbqp,current,search-node-limit,,,
003-instcombine-foldnowrapadd-n114-d16-r1.pbqp,degree,search-node-limit,,,
004-instcombine-mulwilloverflow-n13-d16.pbqp,current,solved-exact,629610.0,201468.0,3.1251116802668415
004-instcombine-mulwilloverflow-n13-d16.pbqp,degree,solved-exact,648720.0,201468.0,3.2199654535707904
005-instcombine-foldsubofminmax-n88-d17.pbqp,current,search-node-limit,,,
005-instcombine-foldsubofminmax-n88-d17.pbqp,degree,search-node-limit,,,
006-instcombine-factorizefaddfsub-n63-d16.pbqp,current,search-node-limit,,,
006-instcombine-factorizefaddfsub-n63-d16.pbqp,degree,search-node-limit,,,
007-instcombine-factorizefaddfsub-n63-d16-r1.pbqp,current,search-node-limit,,,
007-instcombine-factorizefaddfsub-n63-d16-r1.pbqp,degree,search-node-limit,,,
008-instcombine-foldfnegintoconstant-n40-d16.pbqp,current,search-node-limit,,,
008-instcombine-foldfnegintoconstant-n40-d16.pbqp,degree,search-node-limit,,,
009-instcombine-canonicalizelowbitmask-n25-d16.pbqp,current,search-node-limit,,,
009-instcombine-canonicalizelowbitmask-n25-d16.pbqp,degree,search-node-limit,,,
010-instcombine-checkfornegativeoperand-n173-d16.pbqp,current,search-node-limit,,,
010-instcombine-checkfornegativeoperand-n173-d16.pbqp,degree,search-node-limit,,,
011-instcombine-checkfornegativeoperand-n193-d16-r1.pbqp,current,search-node-limit,,,
011-instcombine-checkfornegativeoperand-n193-d16-r1.pbqp,degree,search-node-limit,,,
012-instcombine-factorizemathwithshlops-n33-d16.pbqp,current,search-node-limit,,,
012-instcombine-factorizemathwithshlops-n33-d16.pbqp,degree,search-node-limit,,,
013-instcombine-factorizemathwithshlops-n33-d16-r1.pbqp,current,search-node-limit,,,
013-instcombine-factorizemathwithshlops-n33-d16-r1.pbqp,degree,search-node-limit,,,
014-instcombine-combineaddsubwithshladdsub-n29-d16.pbqp,current,search-node-limit,,,
014-instcombine-combineaddsubwithshladdsub-n29-d16.pbqp,degree,search-node-limit,,,
015-instcombine-foldtounsignedsaturatedadd-n62-d17.pbqp,current,search-node-limit,,,
015-instcombine-foldtounsignedsaturatedadd-n62-d17.pbqp,degree,search-node-limit,,,
016-instcombine-matchdiv-n30-d16.pbqp,current,search-node-limit,,,
016-instcombine-matchdiv-n30-d16.pbqp,degree,search-node-limit,,,
017-instcombine-matchmul-n22-d16.pbqp,current,search-node-limit,,,
017-instcombine-matchmul-n22-d16.pbqp,degree,search-node-limit,,,
018-instcombine-matchrem-n44-d16.pbqp,current,search-node-limit,,,
018-instcombine-matchrem-n44-d16.pbqp,degree,search-node-limit,,,
019-instcombine-faddcombine-simplifyfadd-n108-d17.pbqp,current,search-node-limit,,,
019-instcombine-faddcombine-simplifyfadd-n108-d17.pbqp,degree,search-node-limit,,,
020-instcombine-faddcombine-simplifyfadd-n138-d17-r1.pbqp,current,search-node-limit,,,
020-instcombine-faddcombine-simplifyfadd-n138-d17-r1.pbqp,degree,search-node-limit,,,
degree-3-n12-d2-s1001.pbqp,current,solved-exact,12530.0,13524.0,0.9265010351966874
degree-3-n12-d2-s1001.pbqp,degree,solved-exact,10800.0,13524.0,0.7985803016858918
degree-3-n12-d2-s1002.pbqp,current,solved-exact,12627.0,15375.0,0.8212682926829268
degree-3-n12-d2-s1002.pbqp,degree,solved-exact,10796.0,15375.0,0.7021788617886179
degree-3-n12-d4-s1001.pbqp,current,solved-exact,70830.0,85987.0,0.8237291683626595
degree-3-n12-d4-s1001.pbqp,degree,solved-exact,69531.0,85987.0,0.8086222335934502
degree-3-n12-d4-s1002.pbqp,current,solved-exact,88403.0,91637.0,0.9647085784126499
degree-3-n12-d4-s1002.pbqp,degree,solved-exact,74880.0,91637.0,0.8171371825790892
degree-3-n20-d2-s1001.pbqp,current,solved-exact,49086.0,48268.0,1.016947045661722
degree-3-n20-d2-s1001.pbqp,degree,solved-exact,37605.0,48268.0,0.7790875942653518
degree-3-n20-d2-s1002.pbqp,current,solved-exact,53226.0,50825.0,1.0472405312346287
degree-3-n20-d2-s1002.pbqp,degree,solved-exact,42284.0,50825.0,0.831952779144122
degree-3-n20-d4-s1001.pbqp,current,search-node-limit,,,
degree-3-n20-d4-s1001.pbqp,degree,search-node-limit,,,
degree-3-n20-d4-s1002.pbqp,current,solved-exact,689612.0,756186.0,0.9119608138738353
degree-3-n20-d4-s1002.pbqp,degree,solved-exact,612144.0,756186.0,0.8095151192960462
degree-4-n12-d2-s1001.pbqp,current,solved-exact,9754.0,11261.0,0.8661752952668502
degree-4-n12-d2-s1001.pbqp,degree,solved-exact,7875.0,11261.0,0.6993162241363999
degree-4-n12-d2-s1002.pbqp,current,solved-exact,9938.0,11119.0,0.8937854123572264
degree-4-n12-d2-s1002.pbqp,degree,solved-exact,8796.0,11119.0,0.7910783343825883
degree-4-n12-d4-s1001.pbqp,current,solved-exact,54329.0,72275.0,0.7516983742649602
degree-4-n12-d4-s1001.pbqp,degree,solved-exact,53471.0,72275.0,0.7398270494638534
degree-4-n12-d4-s1002.pbqp,current,solved-exact,57661.0,78926.0,0.7305704077236905
degree-4-n12-d4-s1002.pbqp,degree,solved-exact,58119.0,78926.0,0.7363733117097028
degree-4-n20-d2-s1001.pbqp,current,solved-exact,18760.0,23103.0,0.8120157555295849
degree-4-n20-d2-s1001.pbqp,degree,solved-exact,14392.0,23103.0,0.6229494005107562
degree-4-n20-d2-s1002.pbqp,current,solved-exact,20479.0,21362.0,0.9586649190150734
degree-4-n20-d2-s1002.pbqp,degree,solved-exact,14010.0,21362.0,0.655837468401835
degree-4-n20-d4-s1001.pbqp,current,solved-exact,104124.0,136405.0,0.7633444521828379
degree-4-n20-d4-s1001.pbqp,degree,solved-exact,101380.0,136405.0,0.7432278875407793
degree-4-n20-d4-s1002.pbqp,current,solved-exact,113584.0,137834.0,0.8240637288332342
degree-4-n20-d4-s1002.pbqp,degree,solved-exact,105498.0,137834.0,0.7653989581670705
mixed-degree-n12-d2-s1001.pbqp,current,solved-exact,65923.0,66300.0,0.994313725490196
mixed-degree-n12-d2-s1001.pbqp,degree,solved-exact,62543.0,66300.0,0.9433333333333334
mixed-degree-n12-d2-s1002.pbqp,current,solved-exact,7099.0,6540.0,1.085474006116208
mixed-degree-n12-d2-s1002.pbqp,degree,solved-exact,5517.0,6540.0,0.8435779816513761
mixed-degree-n12-d4-s1001.pbqp,current,search-node-limit,,,
mixed-degree-n12-d4-s1001.pbqp,degree,search-node-limit,,,
mixed-degree-n12-d4-s1002.pbqp,current,solved-exact,21372.0,23549.0,0.9075544609112913
mixed-degree-n12-d4-s1002.pbqp,degree,solved-exact,20334.0,23549.0,0.8634761561000467
mixed-degree-n20-d2-s1001.pbqp,current,search-node-limit,,,
mixed-degree-n20-d2-s1001.pbqp,degree,search-node-limit,,,
mixed-degree-n20-d2-s1002.pbqp,current,search-node-limit,,,
mixed-degree-n20-d2-s1002.pbqp,degree,search-node-limit,,,
mixed-degree-n20-d4-s1001.pbqp,current,search-node-limit,,,
mixed-degree-n20-d4-s1001.pbqp,degree,search-node-limit,,,
mixed-degree-n20-d4-s1002.pbqp,current,search-node-limit,,,
mixed-degree-n20-d4-s1002.pbqp,degree,search-node-limit,,,
stress-k4-d2-matching-s7402.pbqp,current,solved-exact,1841.0,1723.0,1.0684852002321532
stress-k4-d2-matching-s7402.pbqp,degree,solved-exact,1704.0,1723.0,0.9889727219965178
stress-k4-d2-random-s7402.pbqp,current,solved-exact,1816.0,1914.0,0.9487983281086729
stress-k4-d2-random-s7402.pbqp,degree,solved-exact,1420.0,1914.0,0.741901776384535
stress-k4-d3-matching-s7403.pbqp,current,solved-exact,2479.0,3445.0,0.7195936139332366
stress-k4-d3-matching-s7403.pbqp,degree,solved-exact,2414.0,3445.0,0.7007256894049347
stress-k4-d3-random-s7403.pbqp,current,solved-exact,2542.0,2647.0,0.9603324518322629
stress-k4-d3-random-s7403.pbqp,degree,solved-exact,2182.0,2647.0,0.8243294295428787
stress-k4-d4-matching-s7404.pbqp,current,solved-exact,4647.0,3981.0,1.1672946495855312
stress-k4-d4-matching-s7404.pbqp,degree,solved-exact,3920.0,3981.0,0.9846772167797035
stress-k4-d4-random-s7404.pbqp,current,solved-exact,4167.0,4259.0,0.9783986851373562
stress-k4-d4-random-s7404.pbqp,degree,solved-exact,3764.0,4259.0,0.8837755341629491
stress-k6-d2-matching-s7602.pbqp,current,solved-exact,7650.0,9120.0,0.8388157894736842
stress-k6-d2-matching-s7602.pbqp,degree,solved-exact,7438.0,9120.0,0.8155701754385964
stress-k6-d2-random-s7602.pbqp,current,solved-exact,7960.0,8439.0,0.9432397203460126
stress-k6-d2-random-s7602.pbqp,degree,solved-exact,7387.0,8439.0,0.8753406801753763
stress-k6-d3-matching-s7603.pbqp,current,solved-exact,21539.0,27060.0,0.7959719142645972
stress-k6-d3-matching-s7603.pbqp,degree,solved-exact,27453.0,27060.0,1.0145232815964522
stress-k6-d3-random-s7603.pbqp,current,solved-exact,22887.0,38103.0,0.600661365246831
stress-k6-d3-random-s7603.pbqp,degree,solved-exact,21426.0,38103.0,0.5623179277222266
stress-k6-d4-matching-s7604.pbqp,current,solved-exact,63280.0,70274.0,0.9004752824657768
stress-k6-d4-matching-s7604.pbqp,degree,solved-exact,62311.0,70274.0,0.886686398952671
stress-k6-d4-random-s7604.pbqp,current,solved-exact,52315.0,63549.0,0.8232230247525532
stress-k6-d4-random-s7604.pbqp,degree,solved-exact,55814.0,63549.0,0.8782828998095957
stress-k8-d2-matching-s7802.pbqp,current,solved-exact,39537.0,35647.0,1.1091255926164896
stress-k8-d2-matching-s7802.pbqp,degree,solved-exact,31965.0,35647.0,0.8967094005105619
stress-k8-d2-random-s7802.pbqp,current,solved-exact,25650.0,23923.0,1.0721899427329349
stress-k8-d2-random-s7802.pbqp,degree,solved-exact,22118.0,23923.0,0.9245495966224971
stress-k8-d3-matching-s7803.pbqp,current,solved-exact,238993.0,249319.0,0.9585831805839106
stress-k8-d3-matching-s7803.pbqp,degree,solved-exact,222060.0,249319.0,0.8906661746597733
stress-k8-d3-random-s7803.pbqp,current,solved-exact,143296.0,156694.0,0.9144957688233116
stress-k8-d3-random-s7803.pbqp,degree,solved-exact,142205.0,156694.0,0.9075331537901898
stress-k8-d4-matching-s7804.pbqp,current,search-node-limit,,,
stress-k8-d4-matching-s7804.pbqp,degree,search-node-limit,,,
stress-k8-d4-random-s7804.pbqp,current,search-node-limit,,,
stress-k8-d4-random-s7804.pbqp,degree,search-node-limit,,,
