id,class,none_status,seeded_status,heuristic_ns,seeded_ns,seeded_visited,seeded_objective,none_ns,none_visited,none_objective,algorithmic_speedup,visited_reduction,seed_ns,exact_vs_heuristic_time_ratio
001-instcombine-foldaddtoashr-n87-d16.pbqp,llvm,search-node-limit,solved-exact,186639.0,236217.0,1,19000,,,,,,,
002-instcombine-foldnowrapadd-n114-d16.pbqp,llvm,search-node-limit,search-node-limit,350934.0,,,,,,,,,,
003-instcombine-foldnowrapadd-n114-d16-r1.pbqp,llvm,search-node-limit,solved-exact,306413.0,334191.0,1,22000,,,,,,,
004-instcombine-mulwilloverflow-n13-d16.pbqp,llvm,solved-exact,solved-exact,32263.0,38255.0,1,0,201468.0,47,0,5.266448830218272,47.0,28131.0,6.244552583454731
005-instcombine-foldsubofminmax-n88-d17.pbqp,llvm,search-node-limit,solved-exact,199435.0,252755.0,1,16000,,,,,,,
006-instcombine-factorizefaddfsub-n63-d16.pbqp,llvm,search-node-limit,search-node-limit,151508.0,,,,,,,,,,
007-instcombine-factorizefaddfsub-n63-d16-r1.pbqp,llvm,search-node-limit,search-node-limit,146156.0,,,,,,,,,,
008-instcombine-foldfnegintoconstant-n40-d16.pbqp,llvm,search-node-limit,solved-exact,63196.0,82004.0,1,12000,,,,,,,
009-instcombine-canonicalizelowbitmask-n25-d16.pbqp,llvm,search-node-limit,solved-exact,42259.0,51250.0,1,5000,,,,,,,
010-instcombine-checkfornegativeoperand-n173-d16.pbqp,llvm,search-node-limit,search-node-limit,638449.0,,,,,,,,,,
011-instcombine-checkfornegativeoperand-n193-d16-r1.pbqp,llvm,search-node-limit,search-node-limit,654960.0,,,,,,,,,,
012-instcombine-factorizemathwithshlops-n33-d16.pbqp,llvm,search-node-limit,search-node-limit,77535.0,,,,,,,,,,
013-instcombine-factorizemathwithshlops-n33-d16-r1.pbqp,llvm,search-node-limit,solved-exact,61811.0,73767.0,1,11000,,,,,,,
014-instcombine-combineaddsubwithshladdsub-n29-d16.pbqp,llvm,search-node-limit,solved-exact,55217.0,63420.0,1,5000,,,,,,,
015-instcombine-foldtounsignedsaturatedadd-n62-d17.pbqp,llvm,search-node-limit,solved-exact,123462.0,135528.0,1,13000,,,,,,,
016-instcombine-matchdiv-n30-d16.pbqp,llvm,search-node-limit,solved-exact,66414.0,83322.0,1,5000,,,,,,,
017-instcombine-matchmul-n22-d16.pbqp,llvm,search-node-limit,solved-exact,44109.0,53373.0,1,5000,,,,,,,
018-instcombine-matchrem-n44-d16.pbqp,llvm,search-node-limit,solved-exact,89014.0,89302.0,1,11000,,,,,,,
019-instcombine-faddcombine-simplifyfadd-n108-d17.pbqp,llvm,search-node-limit,search-node-limit,512640.0,,,,,,,,,,
020-instcombine-faddcombine-simplifyfadd-n138-d17-r1.pbqp,llvm,search-node-limit,solved-exact,361556.0,441772.0,1,16000,,,,,,,
021-instcombine-faddcombine-simplify-n54-d16.pbqp,llvm,search-node-limit,search-node-limit,125714.0,,,,,,,,,,
022-instcombine-faddcombine-simplify-n59-d16-r1.pbqp,llvm,search-node-limit,search-node-limit,111135.0,,,,,,,,,,
023-instcombine-faddendcoef-converttofptype-n7-d16.pbqp,llvm,solved-exact,solved-exact,8871.0,9136.0,1,2000,108041.0,74,2000,11.825853765323993,74.0,7149.0,12.179122985007327
024-instcombine-faddendcoef-createapfloatfromint-n7-d16.pbqp,llvm,solved-exact,solved-exact,16271.0,24838.0,0,1000,8523.0,0,1000,0.3431435703357758,NaN,15726.0,0.5238153770511954
025-instcombine-faddend-drillvaluedownonestep-n36-d16.pbqp,llvm,search-node-limit,search-node-limit,88304.0,,,,,,,,,,
026-instcombine-faddend-drillvaluedownonestep-n36-d16-r1.pbqp,llvm,search-node-limit,solved-exact,66645.0,90805.0,1,9000,,,,,,,
027-instcombine-faddend-set-n4-d16.pbqp,llvm,solved-exact,solved-exact,4317.0,3756.0,1,2000,21966.0,16,2000,5.848242811501597,16.0,3174.0,5.08825573314802
028-instcombine-faddend-scale-n17-d16.pbqp,llvm,search-node-limit,solved-exact,29393.0,31951.0,1,3000,,,,,,,
029-instcombine-selectinst-init-n19-d16.pbqp,llvm,search-node-limit,solved-exact,36333.0,45880.0,1,0,,,,,,,
030-instcombine-selectinst-create-n9-d15.pbqp,llvm,search-node-limit,search-node-limit,10373.0,,,,,,,,,,
031-instcombine-selectinst-create-n8-d15-r1.pbqp,llvm,solved-exact,solved-exact,7755.0,7779.0,1,6000,141524.0,85,6000,18.193083943951663,85.0,6357.0,18.249387491940684
032-instcombine-densemapbase-grow-n22-d17.pbqp,llvm,solved-exact,solved-exact,42160.0,59075.0,1,3000,1108312.0,337,3000,18.7611002962336,337.0,42566.0,26.288235294117648
033-instcombine-densemapbase-lookupbucketfor-n15-d16.pbqp,llvm,search-node-limit,solved-exact,38732.0,46873.0,1,0,,,,,,,
034-instcombine-densemapbase-movefrom-n26-d17.pbqp,llvm,search-node-limit,search-node-limit,91015.0,,,,,,,,,,
035-instcombine-densemapbase-movefrom-n38-d17-r1.pbqp,llvm,search-node-limit,search-node-limit,119882.0,,,,,,,,,,
036-instcombine-densemapbase-lookuporinsertintobucke-n22-d16.pbqp,llvm,search-node-limit,solved-exact,51043.0,62093.0,1,2000,,,,,,,
037-instcombine-densemapbase-grow-n20-d17.pbqp,llvm,solved-exact,solved-exact,29060.0,38274.0,1,3000,367766.0,125,3000,9.608768354496526,125.0,28459.0,12.655402615278733
038-instcombine-densemapbase-lookupbucketfor-n15-d16.pbqp,llvm,search-node-limit,solved-exact,36519.0,45980.0,1,0,,,,,,,
039-instcombine-densemapbase-movefrom-n28-d17.pbqp,llvm,search-node-limit,search-node-limit,107408.0,,,,,,,,,,
040-instcombine-densemapbase-movefrom-n40-d17-r1.pbqp,llvm,search-node-limit,search-node-limit,116850.0,,,,,,,,,,
041-instcombine-densemapbase-lookuporinsertintobucke-n24-d16.pbqp,llvm,search-node-limit,solved-exact,59469.0,75046.0,1,3000,,,,,,,
042-instcombine-instcombiner-replaceoperand-n18-d16.pbqp,llvm,search-node-limit,solved-exact,39492.0,44622.0,1,3000,,,,,,,
043-instcombine-instcombiner-replaceinstuseswith-n14-d16.pbqp,llvm,search-node-limit,search-node-limit,21795.0,,,,,,,,,,
044-instcombine-instcombiner-replaceinstuseswith-n16-d16-r1.pbqp,llvm,search-node-limit,solved-exact,17858.0,22031.0,1,6000,,,,,,,
045-instcombine-instcombiner-addone-n3-d15.pbqp,llvm,solved-exact,solved-exact,4419.0,6323.0,0,1000,2415.0,0,1000,0.3819389530286256,NaN,3869.0,0.5465037338764427
046-instcombine-instcombiner-subone-n3-d15.pbqp,llvm,solved-exact,solved-exact,4199.0,6209.0,0,1000,2464.0,0,1000,0.3968432919954904,NaN,3870.0,0.5868063824720171
047-instcombine-patternmatch-match-n13-d16.pbqp,llvm,solved-exact,solved-exact,18581.0,21060.0,1,2000,175845.0,64,2000,8.3497150997151,64.0,16106.0,9.463699477961358
048-instcombine-patternmatch-match-n11-d16.pbqp,llvm,solved-exact,solved-exact,11922.0,15634.0,1,2000,92876.0,46,2000,5.940642190098504,46.0,11202.0,7.790303640328804
049-instcombine-patternmatch-match-n13-d16.pbqp,llvm,solved-exact,solved-exact,17083.0,22540.0,1,2000,187972.0,67,2000,8.339485359361136,67.0,17026.0,11.00345372592636
050-instcombine-patternmatch-match-n11-d16.pbqp,llvm,search-node-limit,solved-exact,21787.0,24576.0,1,2000,,,,,,,
051-instcombine-patternmatch-match-n11-d16.pbqp,llvm,solved-exact,solved-exact,17751.0,20104.0,1,2000,80804.0,31,2000,4.019299641862316,31.0,15329.0,4.552081572869134
052-instcombine-patternmatch-match-n10-d16.pbqp,llvm,solved-exact,solved-exact,13637.0,18753.0,1,2000,27779.0,8,2000,1.4813096571215272,8.0,13186.0,2.037031605191758
053-instcombine-patternmatch-match-n15-d16.pbqp,llvm,solved-exact,solved-exact,50182.0,61966.0,1,0,434427.0,97,0,7.010731691572798,97.0,46777.0,8.657028416563708
054-instcombine-patternmatch-match-n14-d16.pbqp,llvm,solved-exact,solved-exact,20962.0,21844.0,1,2000,924809.0,325,2000,42.336980406518954,325.0,18743.0,44.11835702700124
055-instcombine-patternmatch-match-n8-d16.pbqp,llvm,solved-exact,solved-exact,14120.0,19793.0,0,2000,7560.0,0,2000,0.3819532157833578,NaN,12243.0,0.5354107648725213
056-instcombine-patternmatch-match-n9-d16.pbqp,llvm,solved-exact,solved-exact,14005.0,16267.0,1,2000,27558.0,8,2000,1.694104629003504,8.0,11975.0,1.967725812209925
057-instcombine-patternmatch-match-n7-d16.pbqp,llvm,solved-exact,solved-exact,26137.0,36564.0,0,0,12241.0,0,0,0.3347828465156985,NaN,23656.0,0.46833990128935993
058-instcombine-patternmatch-match-n7-d16.pbqp,llvm,solved-exact,solved-exact,18737.0,21627.0,1,0,139891.0,49,0,6.468349748000185,49.0,17233.0,7.466029780647916
059-instcombine-patternmatch-match-n13-d16.pbqp,llvm,search-node-limit,solved-exact,34670.0,38773.0,1,1000,,,,,,,
060-instcombine-patternmatch-match-n8-d16.pbqp,llvm,solved-exact,solved-exact,23218.0,28766.0,1,0,69057.0,17,0,2.400646596676632,17.0,21252.0,2.9742871909725213
061-instcombine-patternmatch-match-n9-d16.pbqp,llvm,solved-exact,solved-exact,33850.0,36908.0,1,0,194621.0,49,0,5.273138614934432,49.0,31610.0,5.749512555391433
062-instcombine-patternmatch-match-n8-d16.pbqp,llvm,solved-exact,solved-exact,35564.0,26815.0,1,0,70453.0,17,0,2.6273727391385417,17.0,19271.0,1.9810201327184793
063-instcombine-patternmatch-match-n8-d16.pbqp,llvm,solved-exact,solved-exact,17455.0,20822.0,1,0,68571.0,17,0,3.2931995005282872,17.0,15998.0,3.9284445717559437
064-instcombine-patternmatch-match-n8-d16.pbqp,llvm,solved-exact,solved-exact,24263.0,27047.0,1,0,72460.0,17,0,2.6790401893001072,17.0,19603.0,2.9864402588303176
065-instcombine-patternmatch-match-n9-d16.pbqp,llvm,solved-exact,solved-exact,33962.0,37861.0,1,0,197747.0,49,0,5.222973508359526,49.0,31942.0,5.822595842412108
066-instcombine-patternmatch-match-n7-d16.pbqp,llvm,solved-exact,solved-exact,25335.0,27140.0,1,1000,33006.0,8,1000,1.216138540899042,8.0,20790.0,1.3027827116637063
067-instcombine-patternmatch-match-n7-d16.pbqp,llvm,solved-exact,solved-exact,16213.0,26058.0,1,1000,33636.0,8,1000,1.2908128022104537,8.0,20042.0,2.0746314685746006
068-instcombine-patternmatch-match-n8-d16.pbqp,llvm,solved-exact,solved-exact,24576.0,27871.0,1,1000,106999.0,30,1000,3.8390800473610565,30.0,22925.0,4.353800455729167
069-instcombine-patternmatch-match-n8-d16.pbqp,llvm,solved-exact,solved-exact,23197.0,25654.0,1,1000,103162.0,30,1000,4.021283230685273,30.0,21001.0,4.447213001681252
070-instcombine-patternmatch-match-n16-d16.pbqp,llvm,search-node-limit,solved-exact,56024.0,66328.0,1,0,,,,,,,
071-instcombine-patternmatch-match-n10-d16.pbqp,llvm,solved-exact,solved-exact,30151.0,36162.0,1,0,400316.0,113,0,11.070073557878436,113.0,28802.0,13.277038904182282
072-instcombine-patternmatch-match-n15-d16.pbqp,llvm,search-node-limit,solved-exact,53494.0,65382.0,1,0,,,,,,,
073-instcombine-patternmatch-match-n15-d16.pbqp,llvm,search-node-limit,solved-exact,58390.0,62084.0,1,0,,,,,,,
074-instcombine-patternmatch-match-n10-d16.pbqp,llvm,solved-exact,solved-exact,40453.0,47383.0,1,0,75361.0,17,0,1.5904649346812147,17.0,34085.0,1.86292734778632
075-instcombine-patternmatch-match-n5-d16.pbqp,llvm,solved-exact,solved-exact,18154.0,27688.0,0,0,9513.0,0,0,0.3435784455359723,NaN,18052.0,0.5240167456207998
076-instcombine-patternmatch-match-n15-d16.pbqp,llvm,solved-exact,solved-exact,64936.0,78607.0,1,0,1766146.0,382,0,22.46804991921839,382.0,62090.0,27.19825674510287
077-instcombine-patternmatch-match-n12-d16.pbqp,llvm,solved-exact,solved-exact,52763.0,69040.0,1,0,88596.0,17,0,1.2832560834298956,17.0,48230.0,1.6791312093702027
078-instcombine-patternmatch-match-n14-d16.pbqp,llvm,search-node-limit,solved-exact,18399.0,21401.0,1,4000,,,,,,,
079-instcombine-patternmatch-match-n10-d16.pbqp,llvm,solved-exact,solved-exact,24846.0,28056.0,1,1000,363866.0,95,1000,12.969275734245794,95.0,21640.0,14.64485229010706
080-instcombine-patternmatch-match-n7-d16.pbqp,llvm,solved-exact,solved-exact,14687.0,16472.0,1,0,192222.0,49,0,11.66962117532783,49.0,15021.0,13.087900864710289
081-instcombine-patternmatch-match-n14-d16.pbqp,llvm,solved-exact,solved-exact,21738.0,22370.0,1,3000,738110.0,242,3000,32.99552972731337,242.0,19332.0,33.95482565093385
082-instcombine-patternmatch-match-n12-d16.pbqp,llvm,solved-exact,solved-exact,24710.0,18033.0,1,4000,172650.0,59,4000,9.574114124105806,59.0,14681.0,6.98704977741805
083-instcombine-patternmatch-match-n11-d16.pbqp,llvm,solved-exact,solved-exact,24510.0,26327.0,1,1000,666443.0,189,1000,25.314050214608578,189.0,21818.0,27.190656874745002
084-instcombine-patternmatch-match-n11-d16.pbqp,llvm,solved-exact,solved-exact,27344.0,25628.0,1,1000,625596.0,189,1000,24.41064460746059,189.0,21034.0,22.878730251609127
085-instcombine-patternmatch-match-n11-d16.pbqp,llvm,solved-exact,solved-exact,24949.0,25490.0,1,1000,643558.0,189,1000,25.24746959591997,189.0,21130.0,25.7949416810293
086-instcombine-patternmatch-match-n9-d16.pbqp,llvm,solved-exact,solved-exact,21100.0,24510.0,1,1000,332058.0,95,1000,13.547858017135862,95.0,19543.0,15.73734597156398
087-instcombine-patternmatch-match-n14-d16.pbqp,llvm,search-node-limit,solved-exact,32755.0,35865.0,1,2000,,,,,,,
088-instcombine-patternmatch-match-n14-d16.pbqp,llvm,search-node-limit,solved-exact,32693.0,34403.0,1,2000,,,,,,,
089-instcombine-patternmatch-match-n15-d16.pbqp,llvm,search-node-limit,solved-exact,35123.0,41666.0,1,0,,,,,,,
090-instcombine-patternmatch-match-n17-d16.pbqp,llvm,search-node-limit,solved-exact,67906.0,84263.0,1,0,,,,,,,
091-instcombine-patternmatch-match-n14-d16.pbqp,llvm,solved-exact,solved-exact,53497.0,58827.0,1,0,847743.0,193,0,14.410780763934929,193.0,49604.0,15.846552143110829
092-instcombine-patternmatch-match-n11-d16.pbqp,llvm,solved-exact,solved-exact,19723.0,18535.0,1,3000,738266.0,342,3000,39.83091448610737,342.0,16515.0,37.43172945292298
093-instcombine-patternmatch-match-n10-d16.pbqp,llvm,solved-exact,solved-exact,21212.0,16242.0,1,3000,433030.0,130,3000,26.661125477157984,130.0,14528.0,20.414388082217613
094-instcombine-patternmatch-match-n12-d16.pbqp,llvm,search-node-limit,solved-exact,28929.0,30436.0,1,2000,,,,,,,
095-instcombine-patternmatch-match-n10-d16.pbqp,llvm,solved-exact,solved-exact,18465.0,16578.0,1,3000,346793.0,132,3000,20.91886837978043,132.0,14898.0,18.781099377200107
096-instcombine-patternmatch-match-n9-d16.pbqp,llvm,solved-exact,solved-exact,12599.0,11058.0,1,5000,195012.0,94,5000,17.63537710255019,94.0,9702.0,15.478371299309469
097-instcombine-patternmatch-match-n14-d16.pbqp,llvm,solved-exact,solved-exact,21437.0,23532.0,1,2000,204789.0,94,2000,8.70257521672616,94.0,17358.0,9.553062462098241
098-instcombine-patternmatch-match-n12-d16.pbqp,llvm,solved-exact,solved-exact,16429.0,27788.0,0,1000,10228.0,0,1000,0.3680725493018569,NaN,16262.0,0.6225576724085459
099-instcombine-patternmatch-match-n15-d16.pbqp,llvm,search-node-limit,solved-exact,45753.0,44788.0,1,0,,,,,,,
100-instcombine-patternmatch-match-n13-d16.pbqp,llvm,search-node-limit,solved-exact,34630.0,35902.0,1,0,,,,,,,
101-instcombine-patternmatch-match-n9-d16.pbqp,llvm,solved-exact,solved-exact,23638.0,27766.0,1,0,360440.0,113,0,12.981344089894115,113.0,22777.0,15.248328961841104
102-instcombine-patternmatch-match-n9-d16.pbqp,llvm,solved-exact,solved-exact,25047.0,29327.0,1,0,358333.0,113,0,12.218535820233914,113.0,24112.0,14.306423923024713
103-instcombine-patternmatch-match-n8-d16.pbqp,llvm,solved-exact,solved-exact,22722.0,20977.0,1,1000,333954.0,95,1000,15.92000762740144,95.0,16915.0,14.697385793504093
104-instcombine-patternmatch-match-n8-d16.pbqp,llvm,solved-exact,solved-exact,22189.0,24544.0,1,1000,322785.0,95,1000,13.151279335071708,95.0,20033.0,14.54707287394655
105-instcombine-patternmatch-match-n4-d16.pbqp,llvm,solved-exact,solved-exact,5821.0,7217.0,0,2000,2869.0,0,2000,0.3975336012193432,NaN,4435.0,0.49287064078337056
106-instcombine-patternmatch-match-n11-d16.pbqp,llvm,solved-exact,solved-exact,38810.0,47523.0,1,0,295668.0,49,0,6.221576920648949,49.0,37263.0,7.618345787168256
107-instcombine-patternmatch-match-n9-d16.pbqp,llvm,solved-exact,solved-exact,14859.0,21435.0,0,2000,8647.0,0,2000,0.4034056449731747,NaN,13500.0,0.581936873275456
108-instcombine-patternmatch-match-n14-d16.pbqp,llvm,solved-exact,solved-exact,38424.0,50897.0,1,0,525000.0,193,0,10.314949800577637,193.0,35762.0,13.663335415365397
109-instcombine-patternmatch-match-n8-d16.pbqp,llvm,solved-exact,solved-exact,36101.0,37629.0,1,0,201609.0,49,0,5.357809136570198,49.0,29998.0,5.584582144538932
110-instcombine-patternmatch-match-n8-d16.pbqp,llvm,solved-exact,solved-exact,37008.0,41102.0,1,0,206684.0,49,0,5.0285630869544065,49.0,32568.0,5.584846519671422
111-instcombine-patternmatch-match-n9-d16.pbqp,llvm,solved-exact,solved-exact,34372.0,41434.0,1,0,73791.0,17,0,1.7809287058937104,17.0,30503.0,2.1468346328406844
112-instcombine-patternmatch-match-n14-d16.pbqp,llvm,solved-exact,solved-exact,65044.0,71898.0,1,0,1609320.0,382,0,22.383376449970793,382.0,59193.0,24.742020785929526
113-instcombine-patternmatch-match-n11-d16.pbqp,llvm,solved-exact,solved-exact,17553.0,16973.0,1,3000,733214.0,342,3000,43.19884522476875,342.0,15042.0,41.77143508232211
114-instcombine-patternmatch-match-n10-d16.pbqp,llvm,solved-exact,solved-exact,13907.0,15820.0,1,3000,351261.0,132,3000,22.20360303413401,132.0,14158.0,25.257855756094052
115-instcombine-function-ref-callback-fn-n2-d16.pbqp,llvm,solved-exact,solved-exact,166.0,405.0,0,0,122.0,0,0,0.3012345679012346,NaN,246.0,0.7349397590361446
116-instcombine-irbuilderbase-createcall-n41-d17.pbqp,llvm,search-node-limit,search-node-limit,102403.0,,,,,,,,,,
117-instcombine-irbuilderbase-createcall-n38-d17-r1.pbqp,llvm,search-node-limit,solved-exact,86042.0,105424.0,1,7000,,,,,,,
118-instcombine-irbuilderbase-createcast-n16-d16.pbqp,llvm,search-node-limit,search-node-limit,24764.0,,,,,,,,,,
119-instcombine-irbuilderbase-createicmp-n20-d17.pbqp,llvm,search-node-limit,search-node-limit,40018.0,,,,,,,,,,
120-instcombine-irbuilderbase-createsrem-n12-d16.pbqp,llvm,search-node-limit,solved-exact,16123.0,16847.0,1,5000,,,,,,,
121-instcombine-irbuilderbase-createurem-n12-d16.pbqp,llvm,search-node-limit,solved-exact,15992.0,15354.0,1,5000,,,,,,,
122-instcombine-irbuilderbase-createzext-n13-d16.pbqp,llvm,search-node-limit,solved-exact,20608.0,20372.0,1,6000,,,,,,,
123-instcombine-irbuilderbase-createfpext-n7-d16.pbqp,llvm,solved-exact,solved-exact,7298.0,7577.0,1,0,83888.0,45,0,11.071400290352383,45.0,6559.0,11.494656070156207
124-instcombine-irbuilderbase-createisneg-n5-d16.pbqp,llvm,solved-exact,solved-exact,4670.0,4933.0,1,3000,37112.0,31,3000,7.523211027772147,31.0,4230.0,7.946895074946466
125-instcombine-irbuilderbase-createnuwadd-n12-d16.pbqp,llvm,search-node-limit,solved-exact,14712.0,16442.0,1,5000,,,,,,,
126-instcombine-irbuilderbase-createfaddfmf-n16-d16.pbqp,llvm,search-node-limit,search-node-limit,25108.0,,,,,,,,,,
127-instcombine-irbuilderbase-createfdivfmf-n16-d16.pbqp,llvm,search-node-limit,search-node-limit,23587.0,,,,,,,,,,
128-instcombine-irbuilderbase-createfmulfmf-n16-d16.pbqp,llvm,search-node-limit,search-node-limit,23147.0,,,,,,,,,,
129-instcombine-irbuilderbase-createfnegfmf-n14-d16.pbqp,llvm,search-node-limit,solved-exact,20829.0,23720.0,1,6000,,,,,,,
130-instcombine-irbuilderbase-createfptrunc-n7-d16.pbqp,llvm,solved-exact,solved-exact,7181.0,6634.0,1,0,79794.0,45,0,12.02803738317757,45.0,5612.0,11.111822865896114
131-instcombine-irbuilderbase-createfsubfmf-n16-d16.pbqp,llvm,search-node-limit,search-node-limit,23142.0,,,,,,,,,,
132-instcombine-irbuilderbase-createbinopfmf-n16-d16.pbqp,llvm,search-node-limit,search-node-limit,23599.0,,,,,,,,,,
133-instcombine-irbuilderbase-createisnotneg-n5-d16.pbqp,llvm,solved-exact,solved-exact,4534.0,4428.0,1,3000,36302.0,31,3000,8.198283649503162,31.0,3754.0,8.006616674018527
134-instcombine-irbuilderbase-createisnotnull-n5-d16.pbqp,llvm,solved-exact,solved-exact,4701.0,4501.0,1,3000,36171.0,31,3000,8.03621417462786,31.0,3829.0,7.694320357370772
135-instcombine-irbuilderbase-createdisjointor-n12-d16.pbqp,llvm,search-node-limit,solved-exact,17303.0,16811.0,1,5000,,,,,,,
136-instcombine-irbuilderbase-createzextortrunc-n26-d16.pbqp,llvm,search-node-limit,solved-exact,41350.0,50565.0,1,7000,,,,,,,
137-instcombine-irbuilderbase-createadd-n14-d16.pbqp,llvm,search-node-limit,search-node-limit,24077.0,,,,,,,,,,
138-instcombine-irbuilderbase-createand-n12-d16.pbqp,llvm,search-node-limit,solved-exact,15786.0,16049.0,1,5000,,,,,,,
139-instcombine-irbuilderbase-createmul-n14-d16.pbqp,llvm,search-node-limit,search-node-limit,24121.0,,,,,,,,,,
140-instcombine-irbuilderbase-createneg-n14-d16.pbqp,llvm,search-node-limit,solved-exact,25129.0,22096.0,1,6000,,,,,,,
141-instcombine-irbuilderbase-createnot-n13-d16.pbqp,llvm,search-node-limit,solved-exact,18832.0,16121.0,1,5000,,,,,,,
142-instcombine-irbuilderbase-createshl-n14-d16.pbqp,llvm,search-node-limit,search-node-limit,24047.0,,,,,,,,,,
143-instcombine-irbuilderbase-createshl-n8-d16.pbqp,llvm,solved-exact,solved-exact,10016.0,9893.0,1,5000,280526.0,169,5000,28.3560092995047,169.0,8393.0,28.007787539936103
144-instcombine-irbuilderbase-createsub-n14-d16.pbqp,llvm,search-node-limit,search-node-limit,23328.0,,,,,,,,,,
145-instcombine-irbuilderbase-createxor-n12-d16.pbqp,llvm,search-node-limit,solved-exact,16476.0,15213.0,1,5000,,,,,,,
146-instcombine-unaryoperator-createfnegfmf-n6-d15.pbqp,llvm,solved-exact,solved-exact,9266.0,8128.0,1,2000,54293.0,30,2000,6.6797490157480315,30.0,6932.0,5.859378372544787
147-instcombine-binaryoperator-createfaddfmf-n5-d15.pbqp,llvm,solved-exact,solved-exact,5965.0,5400.0,1,2000,30959.0,16,2000,5.733148148148148,16.0,4491.0,5.19010896898575
148-instcombine-binaryoperator-createfmulfmf-n5-d15.pbqp,llvm,solved-exact,solved-exact,5595.0,6209.0,1,2000,31561.0,16,2000,5.08310516991464,16.0,5206.0,5.640929401251117
149-instcombine-binaryoperator-createfsubfmf-n5-d15.pbqp,llvm,solved-exact,solved-exact,6082.0,5293.0,1,2000,32029.0,16,2000,6.051199697713962,16.0,4426.0,5.266195330483393
150-instcombine-fpmathoperator-classof-n22-d16.pbqp,llvm,search-node-limit,solved-exact,35467.0,39801.0,1,2000,,,,,,,
151-instcombine-instcombinerimpl-folddivceil-n79-d16.pbqp,llvm,search-node-limit,search-node-limit,181972.0,,,,,,,,,,
152-instcombine-instcombinerimpl-foldsquaresumfp-n18-d16.pbqp,llvm,search-node-limit,solved-exact,25457.0,32364.0,1,8000,,,,,,,
153-instcombine-instcombinerimpl-foldsquaresumint-n22-d16.pbqp,llvm,search-node-limit,solved-exact,27823.0,31097.0,1,8000,,,,,,,
154-instcombine-instcombinerimpl-foldaddwithconstant-n343-d17.pbqp,llvm,capacity/error,search-node-limit,1784214.0,,,,,,,,,,
155-instcombine-instcombinerimpl-foldaddwithconstant-n358-d17-r1.pbqp,llvm,capacity/error,search-node-limit,1634277.0,,,,,,,,,,
156-instcombine-instcombinerimpl-foldaddlikecommutat-n119-d16.pbqp,llvm,search-node-limit,search-node-limit,379375.0,,,,,,,,,,
157-instcombine-instcombinerimpl-foldaddlikecommutat-n117-d16-r1.pbqp,llvm,search-node-limit,search-node-limit,299622.0,,,,,,,,,,
158-instcombine-instcombinerimpl-hoistfnegabovefmulf-n39-d16.pbqp,llvm,search-node-limit,solved-exact,67132.0,79158.0,1,15000,,,,,,,
159-instcombine-instcombinerimpl-simplifyaddwithrema-n58-d16.pbqp,llvm,search-node-limit,search-node-limit,168577.0,,,,,,,,,,
160-instcombine-instcombinerimpl-simplifyaddwithrema-n64-d16-r1.pbqp,llvm,search-node-limit,solved-exact,134157.0,162435.0,1,10000,,,,,,,
161-instcombine-instcombinerimpl-optimizepointerdiff-n95-d16.pbqp,llvm,search-node-limit,solved-exact,320099.0,387711.0,1,13000,,,,,,,
162-instcombine-instcombinerimpl-createselectinstwit-n10-d15.pbqp,llvm,search-node-limit,search-node-limit,11709.0,,,,,,,,,,
163-instcombine-instcombinerimpl-createselectinstwit-n9-d16-r1.pbqp,llvm,solved-exact,solved-exact,8496.0,8644.0,1,6000,135698.0,78,6000,15.69851920407219,78.0,6848.0,15.971986817325801
164-instcombine-instcombinerimpl-canonicalizecondsig-n73-d16.pbqp,llvm,search-node-limit,solved-exact,167753.0,188404.0,1,10000,,,,,,,
165-instcombine-instcombinerimpl-visitadd-n544-d17.pbqp,llvm,capacity/error,capacity/error,5112588.0,,,,,,,,,,
166-instcombine-instcombinerimpl-visitadd-n657-d17-r1.pbqp,llvm,capacity/error,capacity/error,4913765.0,,,,,,,,,,
167-instcombine-instcombinerimpl-visitsub-n895-d17.pbqp,llvm,capacity/error,capacity/error,13630664.0,,,,,,,,,,
168-instcombine-instcombinerimpl-visitsub-n966-d17-r1.pbqp,llvm,capacity/error,capacity/error,11412325.0,,,,,,,,,,
169-instcombine-instcombinerimpl-visitfadd-n138-d17.pbqp,llvm,search-node-limit,search-node-limit,366468.0,,,,,,,,,,
170-instcombine-instcombinerimpl-visitfadd-n143-d17-r1.pbqp,llvm,search-node-limit,solved-exact,365289.0,422057.0,1,17000,,,,,,,
171-instcombine-instcombinerimpl-visitfneg-n118-d17.pbqp,llvm,search-node-limit,solved-exact,286642.0,333075.0,1,25000,,,,,,,
172-instcombine-instcombinerimpl-visitfsub-n183-d17.pbqp,llvm,search-node-limit,search-node-limit,627365.0,,,,,,,,,,
173-instcombine-instcombinerimpl-visitfsub-n192-d17-r1.pbqp,llvm,search-node-limit,search-node-limit,686855.0,,,,,,,,,,
174-instcombine-commonpointerbase-compute-n45-d16.pbqp,llvm,search-node-limit,search-node-limit,101622.0,,,,,,,,,,
175-instcombine-commonpointerbase-compute-n45-d16-r1.pbqp,llvm,search-node-limit,solved-exact,89216.0,160798.0,1,9000,,,,,,,
176-instcombine-instructionworklist-pushuserstoworkl-n11-d16.pbqp,llvm,search-node-limit,solved-exact,14054.0,15354.0,1,6000,,,,,,,
177-instcombine-smallvectortemplatebase-growandpushb-n6-d16.pbqp,llvm,solved-exact,solved-exact,10187.0,9465.0,1,2000,68478.0,28,2000,7.23486529318542,28.0,8536.0,6.722096790026504
178-instcombine-smallvectortemplatebase-growandpushb-n6-d16.pbqp,llvm,solved-exact,solved-exact,10776.0,9302.0,1,2000,65918.0,28,2000,7.0864330251558805,28.0,8368.0,6.117112100965108
179-instcombine-smallvectortemplatebase-growandpushb-n6-d16.pbqp,llvm,solved-exact,solved-exact,9755.0,9355.0,1,2000,69395.0,28,2000,7.417958311063602,28.0,8406.0,7.113787801127627
180-instcombine-apint-issamevalue-n17-d16.pbqp,llvm,search-node-limit,solved-exact,12904.0,15467.0,1,3000,,,,,,,
181-instcombine-apint-gethighbitsset-n5-d15.pbqp,llvm,solved-exact,solved-exact,5225.0,4868.0,1,2000,63608.0,44,2000,13.066557107641742,44.0,4141.0,12.17377990430622
182-instcombine-llvm-dyn-cast-n5-d16.pbqp,llvm,solved-exact,solved-exact,9275.0,15841.0,1,0,55450.0,17,0,3.5004103276308314,17.0,13799.0,5.97843665768194
183-instcombine-knownbits-knownbits-n3-d16.pbqp,llvm,solved-exact,solved-exact,744.0,1490.0,0,1000,546.0,0,1000,0.36644295302013424,NaN,852.0,0.7338709677419355
184-instcombine-setvector-insert-n20-d16.pbqp,llvm,search-node-limit,solved-exact,57387.0,105168.0,1,6000,,,,,,,
185-instcombine-withcache-withcache-n3-d16.pbqp,llvm,solved-exact,solved-exact,1176.0,1494.0,0,1000,462.0,0,1000,0.3092369477911647,NaN,888.0,0.39285714285714285
186-instcombine-llvm-operator-n5-d16.pbqp,llvm,solved-exact,solved-exact,8354.0,12886.0,1,2000,159178.0,36,2000,12.352785969268973,36.0,11347.0,19.05410581757242
187-instcombine-llvm-operator-n6-d16.pbqp,llvm,solved-exact,solved-exact,9886.0,10608.0,1,2000,144749.0,74,2000,13.645267722473605,74.0,9272.0,14.641816710499697
188-instcombine-llvm-operator-n5-d16.pbqp,llvm,solved-exact,solved-exact,8173.0,7873.0,1,2000,93617.0,36,2000,11.89089292518735,36.0,7013.0,11.45442310045271
189-instcombine-llvm-operator-n9-d16.pbqp,llvm,solved-exact,solved-exact,24323.0,20180.0,1,3000,286579.0,123,3000,14.201139742319128,123.0,16063.0,11.782222587674218
190-instcombine-llvm-operator-n8-d16.pbqp,llvm,solved-exact,solved-exact,14524.0,16351.0,1,2000,158723.0,74,2000,9.707235031496545,74.0,12960.0,10.928325530156982
191-instcombine-llvm-operator-n5-d16.pbqp,llvm,solved-exact,solved-exact,8439.0,7799.0,1,2000,94621.0,36,2000,12.132452878574176,36.0,6887.0,11.212347434530157
192-instcombine-datalayout-gettypesizeinbits-n16-d16.pbqp,llvm,search-node-limit,solved-exact,12035.0,22771.0,1,4000,,,,,,,
193-instcombine-fneg-match-match-n37-d16.pbqp,llvm,search-node-limit,solved-exact,97333.0,178059.0,1,4000,,,,,,,
194-instcombine-fneg-match-match-n35-d16.pbqp,llvm,search-node-limit,solved-exact,90439.0,68415.0,1,4000,,,,,,,
195-instcombine-fneg-match-match-n35-d16.pbqp,llvm,search-node-limit,solved-exact,80458.0,105676.0,1,4000,,,,,,,
196-instcombine-api-pred-ty-match-n19-d16.pbqp,llvm,search-node-limit,solved-exact,24783.0,48189.0,1,8000,,,,,,,
197-instcombine-api-pred-ty-match-n28-d16.pbqp,llvm,search-node-limit,solved-exact,56526.0,56999.0,1,8000,,,,,,,
198-instcombine-api-pred-ty-match-n15-d16.pbqp,llvm,search-node-limit,solved-exact,22210.0,26002.0,1,4000,,,,,,,
199-instcombine-oneuse-match-match-n18-d16.pbqp,llvm,search-node-limit,solved-exact,70073.0,66991.0,1,0,,,,,,,
200-instcombine-oneuse-match-match-n18-d16.pbqp,llvm,search-node-limit,solved-exact,61253.0,64775.0,1,0,,,,,,,
201-instcombine-oneuse-match-match-n16-d16.pbqp,llvm,search-node-limit,solved-exact,30953.0,34293.0,1,3000,,,,,,,
202-instcombine-oneuse-match-match-n13-d16.pbqp,llvm,solved-exact,solved-exact,22616.0,24019.0,1,4000,176720.0,59,4000,7.35750863899413,59.0,18968.0,7.813937035726919
203-instcombine-binaryop-match-match-n49-d16.pbqp,llvm,search-node-limit,solved-exact,96446.0,102608.0,1,6000,,,,,,,
204-instcombine-binaryop-match-match-n45-d16.pbqp,llvm,search-node-limit,solved-exact,86976.0,93080.0,1,6000,,,,,,,
205-instcombine-binaryop-match-match-n17-d16.pbqp,llvm,search-node-limit,solved-exact,20469.0,22013.0,1,4000,,,,,,,
206-instcombine-binaryop-match-match-n21-d16.pbqp,llvm,search-node-limit,solved-exact,29159.0,30883.0,1,4000,,,,,,,
207-instcombine-binaryop-match-match-n18-d16.pbqp,llvm,search-node-limit,solved-exact,27005.0,32149.0,1,5000,,,,,,,
208-instcombine-binaryop-match-match-n28-d16.pbqp,llvm,search-node-limit,solved-exact,56471.0,57809.0,1,7000,,,,,,,
209-instcombine-binaryop-match-match-n15-d16.pbqp,llvm,solved-exact,solved-exact,34369.0,24999.0,1,4000,774331.0,241,4000,30.974478979159166,241.0,21150.0,22.529925223311704
210-instcombine-binaryop-match-match-n19-d16.pbqp,llvm,search-node-limit,solved-exact,24264.0,30190.0,1,2000,,,,,,,
211-instcombine-binaryop-match-match-n19-d16.pbqp,llvm,search-node-limit,solved-exact,24823.0,33986.0,1,2000,,,,,,,
212-instcombine-binaryop-match-match-n29-d16.pbqp,llvm,search-node-limit,solved-exact,58404.0,64975.0,1,2000,,,,,,,
213-instcombine-binaryop-match-match-n16-d16.pbqp,llvm,search-node-limit,solved-exact,26044.0,30137.0,1,4000,,,,,,,
214-instcombine-binaryop-match-match-n17-d16.pbqp,llvm,search-node-limit,solved-exact,34898.0,39799.0,1,3000,,,,,,,
215-instcombine-binaryop-match-match-n41-d16.pbqp,llvm,search-node-limit,solved-exact,73254.0,74676.0,1,3000,,,,,,,
216-instcombine-binaryop-match-match-n15-d16.pbqp,llvm,solved-exact,solved-exact,27317.0,23227.0,1,2000,911246.0,420,2000,39.232186679295644,420.0,17328.0,33.35820185232639
217-instcombine-binaryop-match-match-n51-d16.pbqp,llvm,search-node-limit,solved-exact,99759.0,125600.0,1,3000,,,,,,,
218-instcombine-binaryop-match-match-n28-d16.pbqp,llvm,search-node-limit,solved-exact,42197.0,58470.0,1,4000,,,,,,,
219-instcombine-binaryop-match-match-n15-d16.pbqp,llvm,solved-exact,solved-exact,27107.0,32958.0,1,2000,193398.0,68,2000,5.8680138357910065,68.0,23603.0,7.134614675176154
220-instcombine-binaryop-match-match-n45-d16.pbqp,llvm,search-node-limit,solved-exact,98330.0,109754.0,1,6000,,,,,,,
221-instcombine-binaryop-match-match-n27-d16.pbqp,llvm,search-node-limit,solved-exact,47423.0,53362.0,1,6000,,,,,,,
222-instcombine-binaryop-match-match-n33-d16.pbqp,llvm,search-node-limit,solved-exact,61877.0,61191.0,1,10000,,,,,,,
223-instcombine-binaryop-match-match-n16-d16.pbqp,llvm,solved-exact,solved-exact,43958.0,40555.0,1,2000,154012.0,70,2000,3.7976081864135125,70.0,29503.0,3.5036170890395377
224-instcombine-binaryop-match-match-n14-d16.pbqp,llvm,search-node-limit,solved-exact,26266.0,28042.0,1,6000,,,,,,,
225-instcombine-binaryop-match-match-n14-d16.pbqp,llvm,search-node-limit,solved-exact,23062.0,42923.0,1,6000,,,,,,,
226-instcombine-binaryop-match-match-n17-d16.pbqp,llvm,search-node-limit,solved-exact,17910.0,23565.0,1,3000,,,,,,,
227-instcombine-binaryop-match-match-n31-d16.pbqp,llvm,search-node-limit,solved-exact,48371.0,55792.0,1,9000,,,,,,,
228-instcombine-binaryop-match-match-n31-d16.pbqp,llvm,search-node-limit,solved-exact,45165.0,54308.0,1,9000,,,,,,,
229-instcombine-binaryop-match-match-n29-d16.pbqp,llvm,search-node-limit,solved-exact,46433.0,57766.0,1,4000,,,,,,,
230-instcombine-binaryop-match-match-n17-d16.pbqp,llvm,search-node-limit,solved-exact,26272.0,30368.0,1,5000,,,,,,,
231-instcombine-binaryop-match-match-n33-d16.pbqp,llvm,search-node-limit,solved-exact,52946.0,65349.0,1,8000,,,,,,,
232-instcombine-binaryop-match-match-n26-d16.pbqp,llvm,search-node-limit,solved-exact,37647.0,50577.0,1,9000,,,,,,,
233-instcombine-binaryop-match-match-n17-d16.pbqp,llvm,search-node-limit,solved-exact,35317.0,42076.0,1,2000,,,,,,,
234-instcombine-binaryop-match-match-n19-d16.pbqp,llvm,search-node-limit,solved-exact,20519.0,27562.0,1,5000,,,,,,,
235-instcombine-binaryop-match-match-n35-d16.pbqp,llvm,search-node-limit,solved-exact,63268.0,71954.0,1,9000,,,,,,,
236-instcombine-binaryop-match-match-n18-d16.pbqp,llvm,search-node-limit,solved-exact,39327.0,45696.0,1,2000,,,,,,,
237-instcombine-binaryop-match-match-n27-d16.pbqp,llvm,search-node-limit,solved-exact,50949.0,65747.0,1,2000,,,,,,,
238-instcombine-binaryop-match-match-n19-d16.pbqp,llvm,search-node-limit,solved-exact,22142.0,32768.0,1,4000,,,,,,,
239-instcombine-binaryop-match-match-n37-d16.pbqp,llvm,search-node-limit,solved-exact,60235.0,81639.0,1,10000,,,,,,,
240-instcombine-binaryop-match-match-n20-d16.pbqp,llvm,search-node-limit,solved-exact,29962.0,34083.0,1,3000,,,,,,,
241-instcombine-binaryop-match-match-n17-d16.pbqp,llvm,solved-exact,solved-exact,24062.0,34143.0,1,2000,389697.0,148,2000,11.413671909322556,148.0,26207.0,16.19553653062921
242-instcombine-binaryop-match-match-n17-d16.pbqp,llvm,solved-exact,solved-exact,23410.0,28902.0,1,2000,347688.0,148,2000,12.02989412497405,148.0,22322.0,14.852114480991029
243-instcombine-binaryop-match-match-n17-d16.pbqp,llvm,solved-exact,solved-exact,29394.0,36821.0,1,2000,354744.0,148,2000,9.634284783140055,148.0,28746.0,12.06858542559706
244-instcombine-binaryop-match-match-n19-d16.pbqp,llvm,search-node-limit,solved-exact,39368.0,50375.0,1,2000,,,,,,,
245-instcombine-binaryop-match-match-n31-d16.pbqp,llvm,search-node-limit,solved-exact,41539.0,47276.0,1,8000,,,,,,,
246-instcombine-binaryop-match-match-n24-d16.pbqp,llvm,search-node-limit,solved-exact,31903.0,37099.0,1,5000,,,,,,,
247-instcombine-binaryop-match-match-n43-d16.pbqp,llvm,search-node-limit,solved-exact,63364.0,84347.0,1,4000,,,,,,,
248-instcombine-binaryop-match-match-n49-d16.pbqp,llvm,search-node-limit,solved-exact,137363.0,158538.0,1,0,,,,,,,
249-instcombine-castinst-match-match-n16-d16.pbqp,llvm,search-node-limit,solved-exact,32033.0,35986.0,1,3000,,,,,,,
250-instcombine-castinst-match-match-n19-d16.pbqp,llvm,search-node-limit,solved-exact,59276.0,69181.0,1,0,,,,,,,
251-instcombine-castinst-match-match-n19-d16.pbqp,llvm,search-node-limit,solved-exact,60160.0,70183.0,1,0,,,,,,,
252-instcombine-cmpclass-match-match-n19-d16.pbqp,llvm,search-node-limit,solved-exact,36674.0,53821.0,1,3000,,,,,,,
253-instcombine-cmpclass-match-match-n22-d16.pbqp,llvm,search-node-limit,solved-exact,34887.0,44052.0,1,6000,,,,,,,
254-instcombine-nnegzext-match-match-n20-d16.pbqp,llvm,search-node-limit,solved-exact,44651.0,45636.0,1,3000,,,,,,,
255-instcombine-threeops-match-match-n22-d16.pbqp,llvm,search-node-limit,solved-exact,45102.0,52201.0,1,3000,,,,,,,
256-instcombine-cstval-pred-ty-matchvector-n15-d16.pbqp,llvm,search-node-limit,solved-exact,28071.0,32470.0,1,6000,,,,,,,
257-instcombine-cstval-pred-ty-matchvector-n15-d16.pbqp,llvm,solved-exact,solved-exact,21644.0,27857.0,1,6000,825162.0,364,6000,29.62135190436874,364.0,21156.0,38.12428386619848
258-instcombine-cstval-pred-ty-matchvector-n13-d16.pbqp,llvm,solved-exact,solved-exact,16298.0,17268.0,1,5000,542836.0,280,5000,31.435950891823026,280.0,13682.0,33.306908823168484
259-instcombine-cstval-pred-ty-matchvector-n13-d16.pbqp,llvm,solved-exact,solved-exact,16314.0,18058.0,1,5000,569093.0,280,5000,31.514730313434487,280.0,14678.0,34.88371950471987
260-instcombine-cstval-pred-ty-matchvector-n19-d16.pbqp,llvm,search-node-limit,solved-exact,58038.0,71984.0,1,4000,,,,,,,
261-instcombine-cstval-pred-ty-matchvector-n15-d16.pbqp,llvm,solved-exact,solved-exact,18570.0,22844.0,1,6000,830535.0,364,6000,36.356811416564526,364.0,17586.0,44.72455573505654
262-instcombine-specific-fpval-match-n21-d17.pbqp,llvm,search-node-limit,solved-exact,28479.0,29350.0,1,8000,,,,,,,
263-instcombine-disjointor-match-match-n19-d16.pbqp,llvm,search-node-limit,solved-exact,24117.0,30592.0,1,3000,,,,,,,
264-instcombine-anybinaryop-match-match-n17-d16.pbqp,llvm,search-node-limit,solved-exact,34343.0,44186.0,1,3000,,,,,,,
265-instcombine-anybinaryop-match-match-n28-d16.pbqp,llvm,search-node-limit,solved-exact,49898.0,62857.0,1,2000,,,,,,,
266-instcombine-anybinaryop-match-match-n33-d16.pbqp,llvm,search-node-limit,solved-exact,93256.0,103444.0,1,0,,,,,,,
267-instcombine-anybinaryop-match-match-n19-d16.pbqp,llvm,search-node-limit,solved-exact,30199.0,31380.0,1,5000,,,,,,,
268-instcombine-anybinaryop-match-match-n34-d16.pbqp,llvm,search-node-limit,solved-exact,51853.0,65863.0,1,8000,,,,,,,
269-instcombine-anybinaryop-match-match-n27-d16.pbqp,llvm,search-node-limit,solved-exact,79543.0,89219.0,1,0,,,,,,,
270-instcombine-anybinaryop-match-match-n27-d16.pbqp,llvm,search-node-limit,solved-exact,85834.0,83710.0,1,0,,,,,,,
271-instcombine-anybinaryop-match-match-n32-d16.pbqp,llvm,search-node-limit,solved-exact,85682.0,131409.0,1,0,,,,,,,
272-instcombine-ptrtointsamesize-match-match-n24-d16.pbqp,llvm,search-node-limit,solved-exact,39700.0,51876.0,1,5000,,,,,,,
273-instcombine-specificbinaryop-match-match-n23-d16.pbqp,llvm,search-node-limit,solved-exact,34503.0,40263.0,1,2000,,,,,,,
274-instcombine-specificbinaryop-match-match-n19-d16.pbqp,llvm,search-node-limit,solved-exact,43381.0,38991.0,1,4000,,,,,,,
275-instcombine-specificbinaryop-match-match-n23-d16.pbqp,llvm,search-node-limit,solved-exact,32210.0,39442.0,1,2000,,,,,,,
276-instcombine-specificbinaryop-match-match-n30-d16.pbqp,llvm,search-node-limit,solved-exact,85236.0,93905.0,1,0,,,,,,,
277-instcombine-specificcmpclass-match-match-n23-d16.pbqp,llvm,solved-exact,solved-exact,43633.0,58582.0,1,4000,964718.0,294,4000,16.467822880748354,294.0,43235.0,22.10982513235395
278-instcombine-specificcmpclass-match-match-n22-d16.pbqp,llvm,search-node-limit,solved-exact,39993.0,43922.0,1,4000,,,,,,,
279-instcombine-specificcmpclass-match-match-n17-d16.pbqp,llvm,solved-exact,solved-exact,30275.0,34905.0,1,4000,889888.0,235,4000,25.49457097836986,235.0,29611.0,29.39349298100743
280-instcombine-specificcmpclass-match-match-n21-d16.pbqp,llvm,search-node-limit,solved-exact,32856.0,40872.0,1,3000,,,,,,,
281-instcombine-overflowingbinaryop-match-match-n20-d16.pbqp,llvm,search-node-limit,solved-exact,49445.0,48147.0,1,3000,,,,,,,
282-instcombine-overflowingbinaryop-match-match-n20-d16.pbqp,llvm,search-node-limit,solved-exact,46098.0,49486.0,1,3000,,,,,,,
283-instcombine-overflowingbinaryop-match-match-n17-d16.pbqp,llvm,search-node-limit,solved-exact,34713.0,39990.0,1,1000,,,,,,,
284-instcombine-commutativebinaryintrinsic-match-mat-n14-d16.pbqp,llvm,solved-exact,solved-exact,20905.0,26073.0,1,2000,156942.0,70,2000,6.019330341732827,70.0,18466.0,7.507390576417125
285-instcombine-commutativebinaryintrinsic-match-mat-n16-d16.pbqp,llvm,search-node-limit,solved-exact,26621.0,30086.0,1,2000,,,,,,,
286-instcombine-commutativebinaryintrinsic-match-mat-n14-d16.pbqp,llvm,solved-exact,solved-exact,20435.0,28305.0,1,2000,161271.0,70,2000,5.697615262321144,70.0,20449.0,7.891901149987766
287-instcombine-irbuilderbase-insert-n7-d16.pbqp,llvm,solved-exact,solved-exact,12160.0,10649.0,1,2000,327201.0,158,2000,30.7259836604376,158.0,9230.0,26.90797697368421
288-instcombine-commonpointerbase-isexpensive-n29-d16.pbqp,llvm,search-node-limit,solved-exact,98286.0,123179.0,1,0,,,,,,,
289-instcombine-match-combine-or-match-n22-d16.pbqp,llvm,search-node-limit,solved-exact,49431.0,55150.0,1,2000,,,,,,,
290-instcombine-match-combine-or-match-n30-d16.pbqp,llvm,search-node-limit,solved-exact,75388.0,81455.0,1,2000,,,,,,,
291-instcombine-match-combine-or-match-n16-d16.pbqp,llvm,search-node-limit,solved-exact,20313.0,22764.0,1,5000,,,,,,,
292-instcombine-match-combine-or-match-n16-d16.pbqp,llvm,search-node-limit,solved-exact,22017.0,24564.0,1,5000,,,,,,,
293-instcombine-match-combine-or-match-n19-d16.pbqp,llvm,search-node-limit,solved-exact,40592.0,46090.0,1,0,,,,,,,
294-instcombine-match-combine-or-match-n19-d16.pbqp,llvm,search-node-limit,solved-exact,50385.0,48068.0,1,0,,,,,,,
295-instcombine-match-combine-and-match-n14-d16.pbqp,llvm,search-node-limit,solved-exact,37102.0,39903.0,1,1000,,,,,,,
296-instcombine-match-combine-and-match-n20-d16.pbqp,llvm,search-node-limit,solved-exact,29241.0,36868.0,1,4000,,,,,,,
297-instcombine-match-combine-and-match-n18-d16.pbqp,llvm,search-node-limit,solved-exact,39859.0,46053.0,1,3000,,,,,,,
298-instcombine-match-combine-and-match-n20-d16.pbqp,llvm,search-node-limit,solved-exact,44002.0,51001.0,1,2000,,,,,,,
299-instcombine-apint-issignmask-n8-d16.pbqp,llvm,solved-exact,solved-exact,15449.0,18235.0,1,1000,40122.0,16,1000,2.200274197970935,16.0,13209.0,2.59706129846592
300-instcombine-apint-isminsignedvalue-n8-d16.pbqp,llvm,solved-exact,solved-exact,14628.0,16012.0,1,1000,45058.0,16,1000,2.81401448913315,16.0,11749.0,3.0802570412906753
301-instcombine-apint-isnegatedpowerof2-n11-d16.pbqp,llvm,search-node-limit,solved-exact,12084.0,13125.0,1,3000,,,,,,,
302-instcombine-apint-ismask-n8-d16.pbqp,llvm,solved-exact,solved-exact,10000.0,16674.0,0,3000,6653.0,0,3000,0.3990044380472592,NaN,9757.0,0.6653
303-instcombine-apint-logbase2-n4-d16.pbqp,llvm,solved-exact,solved-exact,7187.0,10711.0,0,1000,4574.0,0,1000,0.4270376248716273,NaN,6657.0,0.6364268818700431
304-instcombine-apint-isallones-n5-d16.pbqp,llvm,solved-exact,solved-exact,7628.0,10701.0,0,1000,3870.0,0,1000,0.3616484440706476,NaN,6762.0,0.5073413738856843
305-instcombine-apfloat-operator-n4-d16.pbqp,llvm,solved-exact,solved-exact,4796.0,7194.0,0,2000,2528.0,0,2000,0.35140394773422295,NaN,4486.0,0.5271059216013344
306-instcombine-std-find-if-n35-d16.pbqp,llvm,search-node-limit,solved-exact,69075.0,80602.0,1,0,,,,,,,
307-instcombine-0-operator-n97-d16.pbqp,llvm,search-node-limit,solved-exact,207577.0,250547.0,1,13000,,,,,,,
308-instcombine-0-operator-n28-d17.pbqp,llvm,search-node-limit,solved-exact,51884.0,52768.0,1,4000,,,,,,,
309-instcombine-2-operator-n12-d16.pbqp,llvm,solved-exact,solved-exact,10902.0,16604.0,1,0,617472.0,225,0,37.18814743435317,225.0,13375.0,56.63841496973033
310-instcombine-3-operator-n26-d16.pbqp,llvm,search-node-limit,search-node-limit,50872.0,,,,,,,,,,
311-instcombine-3-operator-n27-d16-r1.pbqp,llvm,search-node-limit,solved-exact,53582.0,64852.0,1,8000,,,,,,,
312-instcombine-3-operator-n26-d16.pbqp,llvm,search-node-limit,search-node-limit,63146.0,,,,,,,,,,
313-instcombine-3-operator-n27-d16-r1.pbqp,llvm,search-node-limit,solved-exact,56708.0,69894.0,1,8000,,,,,,,
314-instcombine-6-operator-n54-d16.pbqp,llvm,search-node-limit,solved-exact,116732.0,147353.0,1,2000,,,,,,,
315-instcombine-0-operator-n12-d16.pbqp,llvm,search-node-limit,solved-exact,10215.0,12572.0,1,5000,,,,,,,
316-mbb-global-sub-i-machinebasicblock-cpp-n7-d17.pbqp,llvm,solved-exact,solved-exact,265.0,665.0,0,0,172.0,0,0,0.2586466165413534,NaN,403.0,0.6490566037735849
317-mbb-slotindexupdatedelegate-mf-handlerem-n6-d16.pbqp,llvm,solved-exact,solved-exact,9529.0,9550.0,1,2000,23828.0,8,2000,2.4950785340314137,8.0,7633.0,2.5005771854339387
318-mbb-slotindexupdatedelegate-mf-handleins-n3-d16.pbqp,llvm,solved-exact,solved-exact,1535.0,2148.0,0,0,1261.0,0,0,0.5870577281191807,NaN,1013.0,0.8214983713355049
319-mbb-slotindexupdatedelegate-slotindexupd-n13-d16.pbqp,llvm,solved-exact,solved-exact,22622.0,24564.0,1,4000,298161.0,133,4000,12.138128969223253,133.0,19453.0,13.180134382459553
320-mbb-slotindexupdatedelegate-slotindexupd-n15-d17.pbqp,llvm,solved-exact,solved-exact,19565.0,20968.0,1,5000,775656.0,293,5000,36.992369324685235,293.0,16985.0,39.64508050089445
321-mbb-slotindexes-insertmbbinmaps-n25-d17.pbqp,llvm,search-node-limit,solved-exact,48399.0,62524.0,1,9000,,,,,,,
322-mbb-slotindexes-insertmachineinstrinmaps-n15-d17.pbqp,llvm,search-node-limit,solved-exact,19830.0,21249.0,1,6000,,,,,,,
323-mbb-iplist-impl-erase-n11-d16.pbqp,llvm,search-node-limit,solved-exact,14063.0,14630.0,1,5000,,,,,,,
324-mbb-densemapbase-movefrom-n29-d17.pbqp,llvm,search-node-limit,search-node-limit,145961.0,,,,,,,,,,
325-mbb-densemapbase-movefrom-n42-d17-r1.pbqp,llvm,search-node-limit,search-node-limit,123312.0,,,,,,,,,,
326-mbb-densemapbase-lookuporinsertintobucke-n24-d16.pbqp,llvm,search-node-limit,solved-exact,98129.0,79979.0,1,3000,,,,,,,
327-mbb-densemapbase-lookupbucketfor-n15-d16.pbqp,llvm,search-node-limit,solved-exact,43280.0,44183.0,1,0,,,,,,,
328-mbb-densemapbase-grow-n20-d17.pbqp,llvm,solved-exact,solved-exact,32108.0,38452.0,1,3000,382195.0,125,3000,9.939535004681161,125.0,28134.0,11.903419708483867
329-mbb-densemapbase-lookuporinsertintobucke-n22-d16.pbqp,llvm,search-node-limit,solved-exact,58391.0,63533.0,1,2000,,,,,,,
330-mbb-densemapbase-grow-n22-d17.pbqp,llvm,solved-exact,solved-exact,46767.0,73409.0,1,3000,1136248.0,337,3000,15.478320096990831,337.0,47103.0,24.295935167960312
331-mbb-densemapbase-lookupbucketfor-n15-d16.pbqp,llvm,search-node-limit,solved-exact,39003.0,80145.0,1,0,,,,,,,
332-mbb-densemapbase-erasefromfilledbucket-n18-d16.pbqp,llvm,search-node-limit,search-node-limit,56839.0,,,,,,,,,,
333-mbb-densemapbase-movefrom-n26-d17.pbqp,llvm,search-node-limit,search-node-limit,91305.0,,,,,,,,,,
334-mbb-densemapbase-movefrom-n38-d17-r1.pbqp,llvm,search-node-limit,search-node-limit,121989.0,,,,,,,,,,
335-mbb-function-ref-callback-fn-n7-d17.pbqp,llvm,solved-exact,solved-exact,22346.0,26208.0,1,0,55052.0,16,0,2.1005799755799757,16.0,19524.0,2.46361764969122
336-mbb-function-ref-callback-fn-n7-d16.pbqp,llvm,solved-exact,solved-exact,23534.0,26870.0,1,0,121168.0,47,0,4.509415705247488,47.0,20160.0,5.1486360159768845
337-mbb-function-ref-callback-fn-n7-d16.pbqp,llvm,solved-exact,solved-exact,24015.0,27803.0,1,0,126617.0,47,0,4.554076898176456,47.0,21155.0,5.272413075161357
338-mbb-ilist-traits-deletenode-n4-d16.pbqp,llvm,solved-exact,solved-exact,6917.0,10037.0,0,0,3789.0,0,0,0.3775032380193285,NaN,6195.0,0.5477808298395258
339-mbb-ilist-traits-addnodetolist-n5-d16.pbqp,llvm,solved-exact,solved-exact,3624.0,7810.0,0,2000,2386.0,0,2000,0.30550576184379,NaN,4751.0,0.6583885209713024
340-mbb-ilist-traits-removenodefromlist-n3-d15.pbqp,llvm,solved-exact,solved-exact,1316.0,1733.0,0,2000,816.0,0,2000,0.4708597807270629,NaN,883.0,0.6200607902735562
341-mbb-ilist-traits-transfernodesfromlist-n5-d16.pbqp,llvm,solved-exact,solved-exact,11931.0,20355.0,1,0,77858.0,17,0,3.825006140997298,17.0,16860.0,6.525689380605146
342-mbb-liveintervals-removeregunit-n11-d16.pbqp,llvm,solved-exact,solved-exact,12553.0,12280.0,1,4000,911662.0,442,4000,74.23957654723127,442.0,10071.0,72.62502987333706
343-mbb-machinebasicblock-movebefore-n6-d16.pbqp,llvm,solved-exact,solved-exact,10858.0,11114.0,1,0,237879.0,97,0,21.40354507827965,97.0,9591.0,21.908178301713022
344-mbb-machinebasicblock-addsuccessor-n26-d17.pbqp,llvm,search-node-limit,search-node-limit,54559.0,,,,,,,,,,
345-mbb-machinebasicblock-addsuccessor-n35-d17-r1.pbqp,llvm,search-node-limit,solved-exact,72759.0,127281.0,1,7000,,,,,,,
346-mbb-machinebasicblock-clearliveins-n6-d17.pbqp,llvm,solved-exact,solved-exact,9444.0,9421.0,1,0,57272.0,17,0,6.079184799915083,17.0,7884.0,6.064379500211775
347-mbb-machinebasicblock-clearliveins-n2-d16.pbqp,llvm,solved-exact,solved-exact,1019.0,1547.0,0,0,706.0,0,0,0.4563671622495152,NaN,791.0,0.6928361138370952
348-mbb-machinebasicblock-finddebugloc-n5-d16.pbqp,llvm,solved-exact,solved-exact,12059.0,9523.0,1,0,62383.0,17,0,6.550771815604326,17.0,8706.0,5.173148685628991
349-mbb-machinebasicblock-removelivein-n5-d17.pbqp,llvm,solved-exact,solved-exact,4724.0,4515.0,1,2000,15354.0,8,2000,3.4006644518272426,8.0,3895.0,3.250211685012701
350-mbb-machinebasicblock-removelivein-n9-d17.pbqp,llvm,solved-exact,solved-exact,14829.0,15277.0,1,1000,507465.0,222,1000,33.21758198599201,222.0,12947.0,34.22112077685616
351-mbb-machinebasicblock-remove-instr-n9-d16.pbqp,llvm,solved-exact,solved-exact,14931.0,20103.0,1,2000,35012.0,8,2000,1.741630602397652,8.0,14427.0,2.34491996517313
352-mbb-machinebasicblock-copysuccessor-n22-d16.pbqp,llvm,search-node-limit,search-node-limit,63886.0,,,,,,,,,,
353-mbb-machinebasicblock-rfinddebugloc-n11-d16.pbqp,llvm,solved-exact,solved-exact,34928.0,40101.0,1,0,219869.0,49,0,5.48288072616643,49.0,31911.0,6.2949209803023365
354-mbb-machinebasicblock-addpredecessor-n4-d16.pbqp,llvm,solved-exact,solved-exact,7845.0,7774.0,1,0,59797.0,17,0,7.691921790583998,17.0,6984.0,7.622307202039516
355-mbb-machinebasicblock-canfallthrough-n3-d16.pbqp,llvm,solved-exact,solved-exact,170.0,446.0,0,0,95.0,0,0,0.21300448430493274,NaN,261.0,0.5588235294117647
356-mbb-machinebasicblock-getfallthrough-n38-d16.pbqp,llvm,search-node-limit,solved-exact,111372.0,99059.0,1,5000,,,,,,,
357-mbb-machinebasicblock-getfirstnonphi-n3-d16.pbqp,llvm,solved-exact,solved-exact,5706.0,8821.0,0,0,3289.0,0,0,0.3728602199297132,NaN,5642.0,0.5764107956536979
358-mbb-machinebasicblock-splitsuccessor-n73-d17.pbqp,llvm,search-node-limit,search-node-limit,254627.0,,,,,,,,,,
359-mbb-machinebasicblock-erasefromparent-n7-d17.pbqp,llvm,solved-exact,solved-exact,17139.0,11381.0,1,0,242384.0,95,0,21.297249802302083,95.0,9797.0,14.142248672618006
360-mbb-machinebasicblock-removesuccessor-n84-d17.pbqp,llvm,search-node-limit,search-node-limit,338831.0,,,,,,,,,,
361-mbb-machinebasicblock-removesuccessor-n11-d16.pbqp,llvm,search-node-limit,search-node-limit,47459.0,,,,,,,,,,
362-mbb-machinebasicblock-findprevdebugloc-n8-d16.pbqp,llvm,solved-exact,solved-exact,16439.0,17062.0,1,0,69607.0,17,0,4.07965068573438,17.0,13770.0,4.2342599914836665
363-mbb-machinebasicblock-removefromparent-n7-d17.pbqp,llvm,solved-exact,solved-exact,18948.0,20617.0,1,0,140859.0,49,0,6.832177329388369,49.0,16133.0,7.4339772007599745
364-mbb-machinebasicblock-replacesuccessor-n35-d16.pbqp,llvm,search-node-limit,solved-exact,87424.0,116671.0,1,4000,,,,,,,
365-mbb-machinebasicblock-updateterminator-n68-d16.pbqp,llvm,search-node-limit,solved-exact,152377.0,176470.0,1,4000,,,,,,,
366-mbb-machinebasicblock-skipphisandlabels-n9-d16.pbqp,llvm,solved-exact,solved-exact,12978.0,11937.0,1,3000,199176.0,123,3000,16.685599396833375,123.0,9647.0,15.347202958853444
367-mbb-machinebasicblock-splitcriticaledge-n104-d17.pbqp,llvm,search-node-limit,search-node-limit,566934.0,,,,,,,,,,
368-mbb-machinebasicblock-splitcriticaledge-n301-d17.pbqp,llvm,capacity/error,capacity/error,4537311.0,,,,,,,,,,
369-mbb-machinebasicblock-splitcriticaledge-n423-d17-r1.pbqp,llvm,search-node-limit,search-node-limit,1933346.0,,,,,,,,,,
370-mbb-machinebasicblock-removepredecessor-n13-d16.pbqp,llvm,search-node-limit,search-node-limit,26780.0,,,,,,,,,,
371-mbb-machinebasicblock-rfindprevdebugloc-n6-d16.pbqp,llvm,solved-exact,solved-exact,12711.0,13007.0,1,0,64679.0,17,0,4.97263012224187,17.0,11522.0,5.088427346392888
372-mbb-machinebasicblock-sortuniqueliveins-n50-d17.pbqp,llvm,search-node-limit,search-node-limit,77673.0,,,,,,,,,,
373-mbb-machinebasicblock-sortuniqueliveins-n54-d17-r1.pbqp,llvm,search-node-limit,solved-exact,80014.0,99113.0,1,8000,,,,,,,
374-mbb-machinebasicblock-findbranchdebugloc-n16-d16.pbqp,llvm,search-node-limit,solved-exact,17303.0,20286.0,1,4000,,,,,,,
375-mbb-machinebasicblock-getfirstterminator-n16-d16.pbqp,llvm,search-node-limit,solved-exact,24556.0,31865.0,1,3000,,,,,,,
376-mbb-machinebasicblock-replacephiuseswith-n18-d16.pbqp,llvm,search-node-limit,search-node-limit,39200.0,,,,,,,,,,
377-mbb-machinebasicblock-setsuccprobability-n4-d16.pbqp,llvm,solved-exact,solved-exact,10268.0,8507.0,1,0,53005.0,17,0,6.230751146114964,17.0,7747.0,5.162154265679781
378-mbb-machinebasicblock-transfersuccessors-n20-d16.pbqp,llvm,search-node-limit,solved-exact,34193.0,40039.0,1,4000,,,,,,,
379-mbb-machinebasicblock-getlastnondebugins-n8-d16.pbqp,llvm,search-node-limit,solved-exact,14133.0,16711.0,1,0,,,,,,,
380-mbb-machinebasicblock-getfirstnondebugin-n7-d16.pbqp,llvm,search-node-limit,solved-exact,16452.0,17654.0,1,0,,,,,,,
381-mbb-machinebasicblock-replaceusesofblock-n15-d16.pbqp,llvm,search-node-limit,solved-exact,21382.0,26674.0,1,4000,,,,,,,
382-mbb-machinebasicblock-skipphislabelsandd-n11-d16.pbqp,llvm,search-node-limit,solved-exact,12584.0,14594.0,1,5000,,,,,,,
383-mbb-machinebasicblock-getprobabilityiter-n2-d16.pbqp,llvm,solved-exact,solved-exact,890.0,1423.0,0,0,598.0,0,0,0.4202389318341532,NaN,747.0,0.6719101123595506
384-mbb-machinebasicblock-addsuccessorwithou-n8-d16.pbqp,llvm,solved-exact,solved-exact,11042.0,12896.0,1,2000,71149.0,31,2000,5.517137096774194,31.0,9834.0,6.4434884984604235
385-mbb-machinebasicblock-getfirstinstrtermi-n14-d16.pbqp,llvm,search-node-limit,solved-exact,18962.0,20808.0,1,3000,,,,,,,
386-mbb-machinebasicblock-getfirstterminator-n19-d16.pbqp,llvm,solved-exact,solved-exact,29455.0,38929.0,1,2000,873819.0,302,2000,22.44647948829921,302.0,28566.0,29.66623663215074
387-mbb-machinebasicblock-removeliveinoverla-n45-d17.pbqp,llvm,search-node-limit,solved-exact,125420.0,151044.0,1,8000,,,,,,,
388-mbb-machinebasicblock-transfersuccessors-n95-d17.pbqp,llvm,search-node-limit,search-node-limit,329432.0,,,,,,,,,,
389-mbb-machinebasicblock-removephisincoming-n5-d16.pbqp,llvm,solved-exact,solved-exact,5261.0,4779.0,1,3000,32647.0,31,3000,6.831345469763549,31.0,4014.0,6.205474244440221
390-mbb-machinebasicblock-erase-n12-d16.pbqp,llvm,search-node-limit,solved-exact,19668.0,23529.0,1,4000,,,,,,,
391-mbb-machinebasicblock-insert-n10-d16.pbqp,llvm,solved-exact,solved-exact,17862.0,18353.0,1,3000,164923.0,59,3000,8.986160300768267,59.0,15098.0,9.233176575971337
392-mbb-machinebasicblock-splitat-n39-d16.pbqp,llvm,search-node-limit,search-node-limit,103219.0,,,,,,,,,,
393-mbb-machinebasicblock-splitat-n39-d16-r1.pbqp,llvm,search-node-limit,solved-exact,73568.0,93221.0,1,9000,,,,,,,
394-mbb-machinebasicblock-addlivein-n43-d17.pbqp,llvm,search-node-limit,search-node-limit,77771.0,,,,,,,,,,
395-mbb-machinebasicblock-addlivein-n42-d17-r1.pbqp,llvm,search-node-limit,search-node-limit,65578.0,,,,,,,,,,
396-mbb-machinebasicblock-moveafter-n7-d16.pbqp,llvm,solved-exact,solved-exact,10736.0,12276.0,1,0,233137.0,97,0,18.991283805799934,97.0,10172.0,21.7154433681073
397-mbb-machinebasicblock-machinebasicblock-n13-d17.pbqp,llvm,solved-exact,solved-exact,29569.0,36581.0,1,1000,120168.0,30,1000,3.2849840080916324,30.0,26827.0,4.063985931211742
398-mbb-machinebasicblock-machinebasicblock-n11-d16.pbqp,llvm,solved-exact,solved-exact,13448.0,23849.0,0,1000,10931.0,0,1000,0.45834206884984696,NaN,13657.0,0.8128346222486615
399-mbb-llvm-printmbbreference-n2-d16.pbqp,llvm,solved-exact,solved-exact,731.0,1584.0,0,0,671.0,0,0,0.4236111111111111,NaN,783.0,0.9179206566347469
400-mbb-bumpptrallocatorimpl-allocateslow-n17-d16.pbqp,llvm,search-node-limit,solved-exact,23257.0,27598.0,1,8000,,,,,,,
401-mbb-ilist-callback-traits-addnodetolist-n15-d16.pbqp,llvm,search-node-limit,search-node-limit,18756.0,,,,,,,,,,
402-mbb-ilist-callback-traits-addnodetolist-n15-d16-r1.pbqp,llvm,search-node-limit,solved-exact,15129.0,20483.0,1,8000,,,,,,,
403-mbb-ilist-callback-traits-removenodefrom-n4-d16.pbqp,llvm,solved-exact,solved-exact,10402.0,16768.0,0,0,5942.0,0,0,0.3543654580152672,NaN,10723.0,0.5712363007114016
404-mbb-smallvectortemplatebase-growandpushb-n6-d16.pbqp,llvm,solved-exact,solved-exact,10175.0,9416.0,1,2000,69374.0,28,2000,7.36767204757859,28.0,8500.0,6.818083538083538
405-mbb-smallvectortemplatebase-growandpushb-n6-d16.pbqp,llvm,solved-exact,solved-exact,10163.0,9114.0,1,2000,67719.0,28,2000,7.4302172481895985,28.0,8191.0,6.663288399094755
406-mbb-smallvectortemplatebase-growandpushb-n6-d16.pbqp,llvm,solved-exact,solved-exact,10101.0,8629.0,1,2000,68263.0,28,2000,7.910881909838915,28.0,7736.0,6.758043758043758
407-mbb-smallvectortemplatebase-growandpushb-n6-d16.pbqp,llvm,solved-exact,solved-exact,9456.0,8776.0,1,2000,67380.0,28,2000,7.677757520510483,28.0,7876.0,7.125634517766497
408-mbb-smallvectortemplatebase-growandpushb-n7-d16.pbqp,llvm,solved-exact,solved-exact,9450.0,9804.0,1,3000,230674.0,119,3000,23.528559771521827,119.0,8578.0,24.40994708994709
409-mbb-smallvectortemplatebase-growandpushb-n7-d16.pbqp,llvm,solved-exact,solved-exact,9379.0,9943.0,1,3000,257049.0,119,3000,25.852257869858192,119.0,8706.0,27.406866403667767
410-mbb-smallvectortemplatebase-growandpushb-n7-d16.pbqp,llvm,solved-exact,solved-exact,9526.0,10538.0,1,3000,253219.0,119,3000,24.029132662744352,119.0,9294.0,26.581881167331513
411-mbb-opt-opt-n7-d16.pbqp,llvm,solved-exact,solved-exact,3989.0,7916.0,0,1000,3377.0,0,1000,0.4266043456291056,NaN,4378.0,0.8465780897468037
412-mbb-llvm-buildmi-n19-d17.pbqp,llvm,search-node-limit,solved-exact,28097.0,35620.0,1,7000,,,,,,,
413-mbb-smallset-insertimpl-n31-d16.pbqp,llvm,search-node-limit,search-node-limit,60468.0,,,,,,,,,,
414-mbb-smallset-insertimpl-n37-d16-r1.pbqp,llvm,search-node-limit,solved-exact,62570.0,79347.0,1,10000,,,,,,,
415-mbb-setvector-insert-n20-d16.pbqp,llvm,search-node-limit,solved-exact,37191.0,42427.0,1,6000,,,,,,,
416-mbb-setvector-remove-n37-d16.pbqp,llvm,search-node-limit,solved-exact,81347.0,117802.0,1,2000,,,,,,,
417-mbb-llvm-operator-n2-d15.pbqp,llvm,solved-exact,solved-exact,604.0,1250.0,0,1000,608.0,0,1000,0.4864,NaN,659.0,1.0066225165562914
418-mbb-slotindexes-getindexafter-n21-d16.pbqp,llvm,search-node-limit,search-node-limit,59548.0,,,,,,,,,,
419-mbb-slotindexes-getindexbefore-n19-d16.pbqp,llvm,search-node-limit,search-node-limit,59215.0,,,,,,,,,,
420-mbb-slotindexes-getinstructionindex-n20-d16.pbqp,llvm,search-node-limit,solved-exact,49493.0,56449.0,1,0,,,,,,,
421-mbb-machinebasicblock-getfullname-abi-cx-n35-d16.pbqp,llvm,search-node-limit,solved-exact,67614.0,84098.0,1,5000,,,,,,,
422-mbb-machinebasicblock-issuccessor-n10-d16.pbqp,llvm,solved-exact,solved-exact,24351.0,27189.0,1,0,1001162.0,353,0,36.822317849130165,353.0,21563.0,41.11379409469837
423-mbb-machinebasicblock-getendsymbol-n9-d16.pbqp,llvm,solved-exact,solved-exact,24758.0,29271.0,1,1000,32660.0,8,1000,1.1157801236718936,8.0,21304.0,1.3191695613539058
424-mbb-machinebasicblock-isentryblock-n3-d16.pbqp,llvm,solved-exact,solved-exact,751.0,1483.0,0,0,639.0,0,0,0.4308833445718139,NaN,724.0,0.8508655126498003
425-mbb-machinebasicblock-livein-begin-n2-d16.pbqp,llvm,solved-exact,solved-exact,206.0,384.0,0,0,119.0,0,0,0.3098958333333333,NaN,246.0,0.5776699029126213
426-mbb-machinebasicblock-ispredecessor-n10-d16.pbqp,llvm,solved-exact,solved-exact,27284.0,27887.0,1,0,967606.0,353,0,34.69738587872485,353.0,22104.0,35.46422811904413
427-mbb-machinebasicblock-liveout-begin-n23-d16.pbqp,llvm,search-node-limit,solved-exact,42123.0,48344.0,1,7000,,,,,,,
428-mbb-machinebasicblock-printasoperand-n7-d16.pbqp,llvm,solved-exact,solved-exact,6698.0,8238.0,1,2000,89900.0,49,2000,10.912842923039573,49.0,6817.0,13.421916990146313
429-mbb-machinebasicblock-getehcontsymbol-n22-d17.pbqp,llvm,search-node-limit,solved-exact,24223.0,30016.0,1,4000,,,,,,,
430-mbb-machinebasicblock-getendclobbermask-n12-d16.pbqp,llvm,search-node-limit,solved-exact,27141.0,25226.0,1,2000,,,,,,,
431-mbb-machinebasicblock-hasehpadsuccessor-n7-d16.pbqp,llvm,solved-exact,solved-exact,10054.0,11163.0,1,0,1111418.0,337,0,99.56266236674729,337.0,9185.0,110.54485776805252
432-mbb-machinebasicblock-islayoutsuccessor-n3-d16.pbqp,llvm,solved-exact,solved-exact,1032.0,1412.0,0,0,712.0,0,0,0.5042492917847026,NaN,752.0,0.689922480620155
433-mbb-machinebasicblock-getsinglesuccessor-n3-d16.pbqp,llvm,solved-exact,solved-exact,187.0,425.0,0,0,147.0,0,0,0.3458823529411765,NaN,245.0,0.786096256684492
434-mbb-machinebasicblock-getsuccprobability-n17-d16.pbqp,llvm,search-node-limit,search-node-limit,61607.0,,,,,,,,,,
435-mbb-machinebasicblock-islegaltohoistinto-n18-d16.pbqp,llvm,search-node-limit,solved-exact,54815.0,56714.0,1,1000,,,,,,,
436-mbb-machinebasicblock-mayhaveinlineasmbr-n7-d16.pbqp,llvm,solved-exact,solved-exact,8479.0,11476.0,1,0,1116830.0,337,0,97.31875217845939,337.0,9337.0,131.71718363014506
437-mbb-machinebasicblock-getbeginclobbermas-n3-d16.pbqp,llvm,solved-exact,solved-exact,1270.0,2059.0,0,0,1106.0,0,0,0.5371539582321515,NaN,1069.0,0.8708661417322835
438-mbb-machinebasicblock-cansplitcriticaled-n60-d16.pbqp,llvm,search-node-limit,search-node-limit,154610.0,,,,,,,,,,
439-mbb-machinebasicblock-cansplitcriticaled-n62-d16-r1.pbqp,llvm,search-node-limit,solved-exact,117924.0,156547.0,1,11000,,,,,,,
440-mbb-machinebasicblock-getsinglepredecess-n3-d16.pbqp,llvm,solved-exact,solved-exact,171.0,749.0,0,0,147.0,0,0,0.19626168224299065,NaN,490.0,0.8596491228070176
441-mbb-machinebasicblock-getprobabilityiter-n2-d16.pbqp,llvm,solved-exact,solved-exact,954.0,1416.0,0,0,666.0,0,0,0.4703389830508475,NaN,718.0,0.6981132075471698
442-mbb-machinebasicblock-computeregisterliv-n40-d16.pbqp,llvm,search-node-limit,search-node-limit,89070.0,,,,,,,,,,
443-mbb-machinebasicblock-computeregisterliv-n46-d16-r1.pbqp,llvm,search-node-limit,search-node-limit,85525.0,,,,,,,,,,
444-mbb-machinebasicblock-sizewithoutdebugla-n9-d16.pbqp,llvm,search-node-limit,solved-exact,14030.0,17333.0,1,0,,,,,,,
445-mbb-machinebasicblock-canpredictbranchpr-n139-d17.pbqp,llvm,search-node-limit,search-node-limit,701282.0,,,,,,,,,,
446-mbb-machinebasicblock-print-n18-d17.pbqp,llvm,solved-exact,solved-exact,16469.0,30715.0,1,6000,606305.0,279,6000,19.739703727820284,279.0,22483.0,36.81492501062603
447-mbb-machinebasicblock-print-n227-d17.pbqp,llvm,capacity/error,search-node-limit,1968131.0,,,,,,,,,,
448-mbb-machinebasicblock-print-n234-d17-r1.pbqp,llvm,search-node-limit,search-node-limit,1005481.0,,,,,,,,,,
449-mbb-machinebasicblock-getname-n4-d16.pbqp,llvm,solved-exact,solved-exact,953.0,1558.0,0,0,646.0,0,0,0.4146341463414634,NaN,769.0,0.6778593913955928
450-mbb-machinebasicblock-hasname-n3-d16.pbqp,llvm,solved-exact,solved-exact,209.0,436.0,0,0,116.0,0,0,0.26605504587155965,NaN,257.0,0.5550239234449761
451-mbb-machinebasicblock-islivein-n8-d16.pbqp,llvm,solved-exact,solved-exact,11736.0,13189.0,1,0,380311.0,161,0,28.835468951398894,161.0,11248.0,32.40550443081118
452-mbb-machinebasicblock-getsymbol-n29-d17.pbqp,llvm,search-node-limit,solved-exact,50374.0,61482.0,1,6000,,,,,,,
453-mbb-machinebasicblock-printname-n121-d17.pbqp,llvm,search-node-limit,solved-exact,266635.0,279242.0,1,5000,,,,,,,
454-mbb-optionvaluecopy-compare-n4-d16.pbqp,llvm,solved-exact,solved-exact,5756.0,9061.0,0,0,4168.0,0,0,0.4599933782143251,NaN,5532.0,0.7241139680333565
455-mbb-function-handler-m-manager-n4-d16.pbqp,llvm,solved-exact,solved-exact,10081.0,15788.0,0,0,5604.0,0,0,0.3549531289587028,NaN,10004.0,0.555897232417419
456-mbb-function-handler-m-invoke-n5-d16.pbqp,llvm,solved-exact,solved-exact,6475.0,9894.0,0,0,4500.0,0,0,0.45482110369921164,NaN,6045.0,0.694980694980695
457-mbb-function-handler-m-manager-n4-d16.pbqp,llvm,solved-exact,solved-exact,10436.0,16088.0,0,0,6144.0,0,0,0.38189955246146196,NaN,10293.0,0.588731314679954
458-mbb-function-handler-m-invoke-n8-d16.pbqp,llvm,solved-exact,solved-exact,9973.0,10010.0,1,2000,68148.0,31,2000,6.807992007992008,31.0,8309.0,6.833249774390855
459-mbb-set-insert-n14-d16.pbqp,llvm,search-node-limit,search-node-limit,21960.0,,,,,,,,,,
460-mbb-rb-tree-m-erase-n4-d15.pbqp,llvm,solved-exact,solved-exact,4525.0,6009.0,0,3000,2423.0,0,3000,0.40322849059743715,NaN,3483.0,0.5354696132596685
461-mbb-rb-tree-m-erase-n4-d15.pbqp,llvm,solved-exact,solved-exact,4977.0,6201.0,0,3000,2386.0,0,3000,0.38477664892759234,NaN,3576.0,0.4794052642153908
462-mbb-std-adjust-heap-n33-d16.pbqp,llvm,search-node-limit,search-node-limit,115300.0,,,,,,,,,,
463-mbb-std-introsort-loop-n82-d17.pbqp,llvm,search-node-limit,search-node-limit,210238.0,,,,,,,,,,
464-mbb-std-introsort-loop-n82-d17-r1.pbqp,llvm,search-node-limit,search-node-limit,203978.0,,,,,,,,,,
465-mbb-std-introsort-loop-n30-d16.pbqp,llvm,search-node-limit,solved-exact,73414.0,79519.0,1,9000,,,,,,,
466-mbb-std-final-insertion-sort-n91-d17.pbqp,llvm,search-node-limit,search-node-limit,527706.0,,,,,,,,,,
467-mbb-std-final-insertion-sort-n96-d17-r1.pbqp,llvm,search-node-limit,search-node-limit,480053.0,,,,,,,,,,
468-mbb-std-move-median-to-first-n29-d16.pbqp,llvm,search-node-limit,search-node-limit,86569.0,,,,,,,,,,
469-mbb-0-operator-n21-d17.pbqp,llvm,solved-exact,solved-exact,35408.0,46559.0,1,5000,735242.0,276,5000,15.79161923580833,276.0,32394.0,20.764855399909624
470-cudd-addabs-cudd-addexistabstract-n10-d16.pbqp,llvm,solved-exact,solved-exact,15406.0,14293.0,1,4000,376298.0,177,4000,26.327433009165325,177.0,12628.0,24.42541866805141
471-cudd-addabs-cudd-addorabstract-n10-d16.pbqp,llvm,solved-exact,solved-exact,14388.0,14840.0,1,4000,395498.0,177,4000,26.65080862533693,177.0,13044.0,27.48804559355018
472-cudd-addabs-cudd-addunivabstract-n10-d16.pbqp,llvm,solved-exact,solved-exact,15325.0,13859.0,1,4000,391163.0,177,4000,28.224475070351396,177.0,12159.0,25.524502446982055
473-cudd-addabs-cuddaddexistabstractrecur-n34-d16.pbqp,llvm,search-node-limit,search-node-limit,52340.0,,,,,,,,,,
474-cudd-addabs-cuddaddexistabstractrecur-n37-d16-r1.pbqp,llvm,search-node-limit,solved-exact,60725.0,77595.0,1,11000,,,,,,,
475-cudd-addabs-cuddaddorabstractrecur-n29-d16.pbqp,llvm,search-node-limit,search-node-limit,48829.0,,,,,,,,,,
476-cudd-addabs-cuddaddorabstractrecur-n30-d16-r1.pbqp,llvm,search-node-limit,solved-exact,47728.0,60789.0,1,9000,,,,,,,
477-cudd-addabs-cuddaddunivabstractrecur-n37-d16.pbqp,llvm,search-node-limit,search-node-limit,58737.0,,,,,,,,,,
478-cudd-addabs-cuddaddunivabstractrecur-n40-d16-r1.pbqp,llvm,search-node-limit,solved-exact,65292.0,79932.0,1,11000,,,,,,,
479-cudd-bddabs-cudd-bddbooleandiff-n9-d16.pbqp,llvm,solved-exact,solved-exact,10446.0,13197.0,1,4000,238662.0,106,4000,18.084564673789497,106.0,11870.0,22.847214244686963
480-cudd-bddabs-cudd-bddexistabstract-n10-d16.pbqp,llvm,solved-exact,solved-exact,12632.0,12442.0,1,4000,355026.0,215,4000,28.53447998714033,215.0,10399.0,28.10528815706143
481-cudd-bddabs-cudd-bddexistabstractlimit-n13-d16.pbqp,llvm,search-node-limit,solved-exact,20125.0,20221.0,1,5000,,,,,,,
482-cudd-bddabs-cudd-bddunivabstract-n11-d16.pbqp,llvm,solved-exact,solved-exact,16461.0,17765.0,1,4000,405196.0,217,4000,22.808668730650155,217.0,15500.0,24.6155154607861
483-cudd-bddabs-cudd-bddvarisdependent-n17-d16.pbqp,llvm,search-node-limit,search-node-limit,24225.0,,,,,,,,,,
484-cudd-bddabs-cudd-bddvarisdependent-n19-d16-r1.pbqp,llvm,search-node-limit,solved-exact,28099.0,32481.0,1,7000,,,,,,,
485-cudd-bddabs-cudd-bddxorexistabstract-n11-d16.pbqp,llvm,solved-exact,solved-exact,17380.0,14717.0,1,5000,523801.0,278,5000,35.59156078005028,278.0,12309.0,30.138147295742233
486-cudd-bddabs-cuddbddbooleandiffrecur-n19-d16.pbqp,llvm,search-node-limit,search-node-limit,41368.0,,,,,,,,,,
487-cudd-bddabs-cuddbddbooleandiffrecur-n20-d16-r1.pbqp,llvm,search-node-limit,solved-exact,34643.0,46854.0,1,7000,,,,,,,
488-cudd-bddabs-cuddbddexistabstractrecur-n37-d16.pbqp,llvm,search-node-limit,search-node-limit,81017.0,,,,,,,,,,
489-cudd-bddabs-cuddbddexistabstractrecur-n37-d16-r1.pbqp,llvm,search-node-limit,solved-exact,69817.0,89377.0,1,9000,,,,,,,
490-cudd-bddabs-cuddbddxorexistabstractrecur-n38-d16.pbqp,llvm,search-node-limit,search-node-limit,115889.0,,,,,,,,,,
491-cudd-bddabs-cuddbddxorexistabstractrecur-n53-d16-r1.pbqp,llvm,search-node-limit,search-node-limit,131190.0,,,,,,,,,,
degree-3-n12-d2-s1001.pbqp,synthetic,solved-exact,solved-exact,4372.0,16628.0,15,-46,13524.0,15,-46,0.8133269184508058,1.0,3047.0,3.093321134492223
degree-3-n12-d2-s1002.pbqp,synthetic,solved-exact,solved-exact,3994.0,15528.0,13,-49,15375.0,15,-49,0.990146831530139,1.1538461538461537,3090.0,3.8495242864296446
degree-3-n12-d4-s1001.pbqp,synthetic,solved-exact,solved-exact,5999.0,96459.0,69,-81,85987.0,69,-81,0.8914357395370054,1.0,5343.0,14.333555592598767
degree-3-n12-d4-s1002.pbqp,synthetic,solved-exact,solved-exact,5395.0,76149.0,53,-84,91637.0,73,-84,1.2033907208236483,1.3773584905660377,4895.0,16.985542168674698
degree-3-n20-d2-s1001.pbqp,synthetic,solved-exact,solved-exact,6742.0,52734.0,43,-89,48268.0,43,-89,0.9153108051731331,1.0,5739.0,7.159299911005636
degree-3-n20-d2-s1002.pbqp,synthetic,solved-exact,solved-exact,6514.0,58182.0,47,-61,50825.0,47,-61,0.8735519576501324,1.0,5686.0,7.802425544980043
degree-3-n20-d4-s1001.pbqp,synthetic,search-node-limit,search-node-limit,9398.0,,,,,,,,,,
degree-3-n20-d4-s1002.pbqp,synthetic,solved-exact,solved-exact,8101.0,563867.0,313,-144,756186.0,461,-144,1.3410715647484248,1.4728434504792332,8877.0,93.34477225033946
degree-4-n12-d2-s1001.pbqp,synthetic,solved-exact,solved-exact,3444.0,14703.0,7,-55,11261.0,7,-55,0.765898116030742,1.0,2880.0,3.2697444831591174
degree-4-n12-d2-s1002.pbqp,synthetic,solved-exact,solved-exact,3540.0,16013.0,7,-45,11119.0,7,-45,0.6943733216761382,1.0,3194.0,3.140960451977401
degree-4-n12-d4-s1001.pbqp,synthetic,solved-exact,solved-exact,5455.0,79746.0,21,-95,72275.0,21,-95,0.9063150502846538,1.0,4742.0,13.249312557286892
degree-4-n12-d4-s1002.pbqp,synthetic,solved-exact,solved-exact,6065.0,111893.0,21,-80,78926.0,21,-80,0.7053703091346197,1.0,6609.0,13.013355317394888
degree-4-n20-d2-s1001.pbqp,synthetic,solved-exact,solved-exact,5976.0,25339.0,7,-107,23103.0,7,-107,0.9117565807648289,1.0,4915.0,3.8659638554216866
degree-4-n20-d2-s1002.pbqp,synthetic,solved-exact,solved-exact,6104.0,26722.0,7,-80,21362.0,7,-80,0.799416211361425,1.0,5105.0,3.499672346002621
degree-4-n20-d4-s1001.pbqp,synthetic,solved-exact,solved-exact,10464.0,147716.0,21,-158,136405.0,21,-158,0.9234273876898914,1.0,8679.0,13.035646024464832
degree-4-n20-d4-s1002.pbqp,synthetic,solved-exact,solved-exact,9280.0,151813.0,21,-157,137834.0,21,-157,0.9079196116274627,1.0,8731.0,14.852801724137931
mixed-degree-n12-d2-s1001.pbqp,synthetic,solved-exact,solved-exact,4617.0,52155.0,85,-71,66300.0,113,-71,1.271210813920046,1.3294117647058823,3322.0,14.359974009096817
mixed-degree-n12-d2-s1002.pbqp,synthetic,solved-exact,solved-exact,3746.0,9354.0,7,-48,6540.0,7,-48,0.6991661321359846,1.0,2985.0,1.7458622530699413
mixed-degree-n12-d4-s1001.pbqp,synthetic,search-node-limit,search-node-limit,5392.0,,,,,,,,,,
mixed-degree-n12-d4-s1002.pbqp,synthetic,solved-exact,solved-exact,5609.0,29814.0,21,-78,23549.0,21,-78,0.7898638223653317,1.0,4922.0,4.198431092886432
mixed-degree-n20-d2-s1001.pbqp,synthetic,search-node-limit,search-node-limit,12466.0,,,,,,,,,,
mixed-degree-n20-d2-s1002.pbqp,synthetic,search-node-limit,search-node-limit,9893.0,,,,,,,,,,
mixed-degree-n20-d4-s1001.pbqp,synthetic,search-node-limit,search-node-limit,13455.0,,,,,,,,,,
mixed-degree-n20-d4-s1002.pbqp,synthetic,search-node-limit,search-node-limit,12665.0,,,,,,,,,,
stress-k4-d2-matching-s7402.pbqp,stress,solved-exact,solved-exact,1517.0,2768.0,3,536870911,1723.0,3,536870911,0.622471098265896,1.0,939.0,1.1357943309162821
stress-k4-d2-random-s7402.pbqp,stress,solved-exact,solved-exact,1445.0,2609.0,3,-14,1914.0,3,-14,0.7336144116519739,1.0,874.0,1.324567474048443
stress-k4-d3-matching-s7403.pbqp,stress,solved-exact,solved-exact,1615.0,3915.0,4,536870911,3445.0,4,536870911,0.879948914431673,1.0,1067.0,2.1331269349845203
stress-k4-d3-random-s7403.pbqp,stress,solved-exact,solved-exact,1586.0,4554.0,4,-32,2647.0,4,-32,0.5812472551602986,1.0,1214.0,1.6689785624211855
stress-k4-d4-matching-s7404.pbqp,stress,solved-exact,solved-exact,1885.0,1831.0,1,0,3981.0,5,0,2.174221736755871,5.0,1477.0,2.1119363395225466
stress-k4-d4-random-s7404.pbqp,stress,solved-exact,solved-exact,2139.0,5418.0,5,-43,4259.0,5,-43,0.7860834256183094,1.0,1316.0,1.9911173445535297
stress-k6-d2-matching-s7602.pbqp,stress,solved-exact,solved-exact,2530.0,10609.0,15,536870911,9120.0,15,536870911,0.859647469129984,1.0,1643.0,3.6047430830039526
stress-k6-d2-random-s7602.pbqp,stress,solved-exact,solved-exact,2732.0,12347.0,15,-34,8439.0,15,-34,0.6834858670122297,1.0,2134.0,3.0889458272327963
stress-k6-d3-matching-s7603.pbqp,stress,solved-exact,solved-exact,2856.0,28989.0,40,536870911,27060.0,40,536870911,0.9334575183690366,1.0,1929.0,9.474789915966387
stress-k6-d3-random-s7603.pbqp,stress,solved-exact,solved-exact,2933.0,30442.0,40,-51,38103.0,40,-51,1.2516588923198213,1.0,2327.0,12.991135356290487
stress-k6-d4-matching-s7604.pbqp,stress,solved-exact,solved-exact,2981.0,77165.0,85,536870911,70274.0,85,536870911,0.9106978552452537,1.0,2583.0,23.573968466957396
stress-k6-d4-random-s7604.pbqp,stress,solved-exact,solved-exact,3385.0,66711.0,77,-71,63549.0,77,-71,0.9526015199892072,1.0,2420.0,18.77370753323486
stress-k8-d2-matching-s7802.pbqp,stress,solved-exact,solved-exact,4414.0,42023.0,63,536870911,35647.0,63,536870911,0.8482735644765962,1.0,3011.0,8.075894879927503
stress-k8-d2-random-s7802.pbqp,stress,solved-exact,solved-exact,3858.0,28968.0,45,-66,23923.0,45,-66,0.8258423087544877,1.0,3020.0,6.200881285640228
stress-k8-d3-matching-s7803.pbqp,stress,solved-exact,solved-exact,4096.0,262526.0,364,536870911,249319.0,364,536870911,0.9496926018756238,1.0,3805.0,60.868896484375
stress-k8-d3-random-s7803.pbqp,stress,solved-exact,solved-exact,4193.0,154035.0,235,-80,156694.0,241,-80,1.0172623105138443,1.025531914893617,3722.0,37.3703792034343
stress-k8-d4-matching-s7804.pbqp,stress,search-node-limit,search-node-limit,4626.0,,,,,,,,,,
stress-k8-d4-random-s7804.pbqp,stress,search-node-limit,search-node-limit,4529.0,,,,,,,,,,
