class,seed,phase,kind,batches,batch_jobs,elements,logical_operand_bytes,logical_result_bytes,cpu_ns,cycles
llvm,heuristic,r2,map3_project_batch,693,6733,1115328,5288472,584344,683183.0,2837891
llvm,heuristic,r1,min2_batch,434,4779,73771,590168,38232,143236.0,288596
llvm,none,r2,map3_project_batch,10714,128677,24251297,111434532,14011168,11909850.0,62057110
llvm,none,r1,min2_batch,7844,109675,1510800,12086400,877400,2224581.0,6160485
llvm,none,conditioning,add,58504,58504,708754,5670032,2835016,1391171.0,6124885
synthetic,none,conditioning,add,2898,2898,10028,80224,40112,37015.0,158930
synthetic,none,r2,map3_project_batch,2569,9254,135800,822976,279776,667758.0,703941
synthetic,none,r1,min2_batch,466,1628,6040,48320,13024,47011.0,55594
synthetic,heuristic,conditioning,add,2304,2304,7832,62656,31328,26813.0,125792
synthetic,heuristic,r2,map3_project_batch,2295,8210,119720,726080,247200,604335.0,623275
synthetic,heuristic,r1,min2_batch,312,1064,3888,31104,8512,30746.0,36416
stress,none,conditioning,add,3525,3525,10593,84744,42372,48345.0,186897
stress,none,r2,map3_project_batch,617,1913,20141,129516,48952,110004.0,141269
stress,none,r1,min2_batch,617,1913,6119,48952,15304,55784.0,66090
stress,heuristic,conditioning,add,3495,3495,10491,83928,41964,49328.0,185259
stress,heuristic,r2,map3_project_batch,607,1879,19723,126900,48008,107628.0,138691
stress,heuristic,r1,min2_batch,607,1879,6001,48008,15032,55187.0,64926
