class,seed,phase,diagnostic_ns
llvm,heuristic,other,264042.0
llvm,heuristic,topology,5883040.0
llvm,heuristic,selection,6037549.0
llvm,heuristic,reduction,2126464.0
llvm,heuristic,reconstruction,39910.0
llvm,heuristic,kernel,9182737.0
llvm,heuristic,metadata,280797.0
llvm,heuristic,search,50413.0
llvm,heuristic,clone,0.0
llvm,heuristic,allocation,1204856.0
llvm,heuristic,conditioning,1671576.0
llvm,heuristic,r0,30849.0
llvm,heuristic,r1,358839.0
llvm,heuristic,r2,1790217.0
llvm,heuristic,lower_bound,1460874.0
llvm,heuristic,incumbent,28243.0
llvm,heuristic,seed,1913068.0
llvm,none,other,94933.0
llvm,none,topology,5747825.0
llvm,none,selection,3278092.0
llvm,none,reduction,0.0
llvm,none,reconstruction,81153.0
llvm,none,kernel,13532101.0
llvm,none,metadata,3720327.0
llvm,none,search,9377065.0
llvm,none,clone,12426144.0
llvm,none,allocation,4737137.0
llvm,none,conditioning,3793683.0
llvm,none,r0,207726.0
llvm,none,r1,2087539.0
llvm,none,r2,9291012.0
llvm,none,lower_bound,6906817.0
llvm,none,incumbent,1114326.0
llvm,none,seed,0.0
synthetic,none,other,4535.0
synthetic,none,topology,668214.0
synthetic,none,selection,384786.0
synthetic,none,reduction,0.0
synthetic,none,reconstruction,3185.0
synthetic,none,kernel,754417.0
synthetic,none,metadata,201512.0
synthetic,none,search,714103.0
synthetic,none,clone,135571.0
synthetic,none,allocation,422286.0
synthetic,none,conditioning,179300.0
synthetic,none,r0,13698.0
synthetic,none,r1,86478.0
synthetic,none,r2,732010.0
synthetic,none,lower_bound,75314.0
synthetic,none,incumbent,64579.0
synthetic,none,seed,0.0
synthetic,heuristic,other,6779.0
synthetic,heuristic,topology,656052.0
synthetic,heuristic,selection,386788.0
synthetic,heuristic,reduction,18454.0
synthetic,heuristic,reconstruction,1948.0
synthetic,heuristic,kernel,695358.0
synthetic,heuristic,metadata,182046.0
synthetic,heuristic,search,583335.0
synthetic,heuristic,clone,106077.0
synthetic,heuristic,allocation,388520.0
synthetic,heuristic,conditioning,155874.0
synthetic,heuristic,r0,9578.0
synthetic,heuristic,r1,61938.0
synthetic,heuristic,r2,705425.0
synthetic,heuristic,lower_bound,77845.0
synthetic,heuristic,incumbent,49677.0
synthetic,heuristic,seed,30386.0
stress,none,other,3257.0
stress,none,topology,325056.0
stress,none,selection,185787.0
stress,none,reduction,0.0
stress,none,reconstruction,12206.0
stress,none,kernel,254741.0
stress,none,metadata,70277.0
stress,none,search,604537.0
stress,none,clone,119621.0
stress,none,allocation,284569.0
stress,none,conditioning,222225.0
stress,none,r0,16006.0
stress,none,r1,113348.0
stress,none,r2,165168.0
stress,none,lower_bound,22397.0
stress,none,incumbent,55004.0
stress,none,seed,0.0
stress,heuristic,other,4201.0
stress,heuristic,topology,351023.0
stress,heuristic,selection,200157.0
stress,heuristic,reduction,15009.0
stress,heuristic,reconstruction,12375.0
stress,heuristic,kernel,267643.0
stress,heuristic,metadata,72460.0
stress,heuristic,search,598125.0
stress,heuristic,clone,120861.0
stress,heuristic,allocation,305124.0
stress,heuristic,conditioning,234528.0
stress,heuristic,r0,16497.0
stress,heuristic,r1,115817.0
stress,heuristic,r2,168105.0
stress,heuristic,lower_bound,26483.0
stress,heuristic,incumbent,54179.0
stress,heuristic,seed,14727.0
