class,predictor,completed_pairs,log_pearson_r
llvm,nodes,189,0.34932464373853245
llvm,domain,189,0.2011223435264593
llvm,matrix_elements,189,0.6308237621182692
llvm,work_visited,189,0.33832403688933504
llvm,work_depth,189,0.2703521846344268
llvm,work_pruned,189,0.32305362509892394
llvm,work_r1,189,0.36616641333171035
llvm,work_r2,189,0.4402567559852764
llvm,work_conditioning,189,0.4123664926543261
llvm,work_clone_bytes,189,0.4081071347218931
llvm,work_lower_matrix,189,0.22346880072141526
synthetic,nodes,18,-0.07564454658314222
synthetic,domain,18,-0.5211101709496583
synthetic,matrix_elements,18,-0.5592655155154598
synthetic,work_visited,18,0.3706565338850792
synthetic,work_depth,18,0.8165881128980952
synthetic,work_pruned,18,0.22290021156965256
synthetic,work_r1,18,0.21804558211907185
synthetic,work_r2,18,-0.19102827440679074
synthetic,work_conditioning,18,0.17493328032743524
synthetic,work_clone_bytes,18,0.17905098809630443
synthetic,work_lower_matrix,18,0.08502447389014113
stress,nodes,16,0.9027539896054617
stress,domain,16,-0.27422330526388405
stress,matrix_elements,16,0.541849010574836
stress,work_visited,16,0.7319815782654944
stress,work_depth,16,0.8876145315045156
stress,work_pruned,16,0.3327367932842623
stress,work_r1,16,0.6328314291903743
stress,work_r2,16,0.6328314291903743
stress,work_conditioning,16,0.7007013172977998
stress,work_clone_bytes,16,0.7467990392904822
stress,work_lower_matrix,16,0.4838855708570973
