m,n,layout,form,operation,level,ns,p10_ns,p90_ns,effective_elements_per_second,logical_bytes_per_second
1,1,0,0,0,0,18.1935,17.502,18.291,54964685.18976557,659576222.2771869
1,1,0,0,0,1,23.8835,23.811,39.3435,41869910.18904264,502438922.2685117
1,1,0,0,0,2,24.4005,22.5035,24.794,40982766.74658306,491793200.9589967
1,1,0,0,1,0,9.6635,9.637,9.691,103482175.1953226,1241786102.343871
1,1,0,0,1,1,48.338,45.4705,50.716,20687657.743390292,248251892.9206835
1,1,0,0,1,2,44.94,43.978,46.956,22251891.410769917,267022696.929239
1,1,0,1,0,0,18.8655,18.439,19.728,53006811.37526172,636081736.5031406
1,1,0,1,0,1,26.7435,25.5195,30.1005,37392263.540673435,448707162.4880812
1,1,0,1,0,2,22.597,22.319,23.902,44253661.990529716,531043943.8863566
1,1,0,1,1,0,9.6715,9.633,10.1675,103396577.57328233,1240758930.8793879
1,1,0,1,1,1,49.844,46.7265,54.1655,20062595.29732766,240751143.56793195
1,1,0,1,1,2,46.6315,44.307,47.3525,21444731.565572627,257336778.78687152
1,1,0,2,0,0,18.4275,18.413,18.4405,54266720.93338761,651200651.2006513
1,1,0,2,0,1,27.283,24.994,30.7605,36652860.755781986,439834329.06938386
1,1,0,2,0,2,23.9195,22.015,26.411,41806893.95681348,501682727.48176175
1,1,0,2,1,0,9.449,9.4285,9.4705,105831304.89998941,1269975658.799873
1,1,0,2,1,1,46.721,46.6995,47.7445,21403651.46293958,256843817.55527496
1,1,0,2,1,2,47.295,44.312,48.339,21143884.13151496,253726609.5781795
1,1,1,0,0,0,18.34,17.1315,18.627,54525627.044711016,654307524.5365322
1,1,1,0,0,1,23.833,23.341,23.918,41958628.79201108,503503545.504133
1,1,1,0,0,2,22.0355,22.0205,23.93,45381316.511992015,544575798.1439042
1,1,1,0,1,0,9.532,9.47,9.6895,104909777.5912715,1258917331.095258
1,1,1,0,1,1,46.287,45.625,49.154,21604338.15110074,259252057.8132089
1,1,1,0,1,2,43.982,43.9605,46.927,22736574.05302169,272838888.6362603
1,1,1,1,0,0,18.4175,18.4115,18.43,54296185.69295507,651554228.3154608
1,1,1,1,0,1,25.615,25.416,27.1535,39039625.21959789,468475502.63517475
1,1,1,1,0,2,22.5305,22.356,26.416,44384279.088346906,532611349.0601629
1,1,1,1,1,0,10.101,10.089,10.141,99000099.00009899,1188001188.0011878
1,1,1,1,1,1,49.8865,49.556,52.5975,20045503.292473916,240546039.509687
1,1,1,1,1,2,45.2355,44.291,47.2945,22106531.374694653,265278376.49633583
1,1,1,2,0,0,18.425,18.4145,18.9195,54274084.124830395,651289009.4979647
1,1,1,2,0,1,26.1085,25.427,27.292,38301702.5106766,459620430.12811923
1,1,1,2,0,2,22.715,22.027,26.4465,44023772.83733216,528285274.0479859
1,1,1,2,1,0,9.6715,9.4485,10.102,103396577.57328233,1240758930.8793879
1,1,1,2,1,1,48.4595,46.718,49.856,20635788.648252666,247629463.779032
1,1,1,2,1,2,44.108,44.082,46.1355,22671624.19515734,272059490.3418881
3,7,0,0,0,0,42.1775,41.558,49.802,497895797.52237564,2939956137.7511706
3,7,0,0,0,1,41.812,41.0995,44.0455,502248158.4234191,2965655792.5954275
3,7,0,0,0,2,24.9645,24.4135,25.083,841194496.1845821,4967053215.566104
3,7,0,0,1,0,62.07,60.551,68.133,338327694.5384244,1997744482.0364106
3,7,0,0,1,1,71.6155,69.932,73.4435,293232610.2589523,1731468746.2909567
3,7,0,0,1,2,51.0335,49.102,53.6435,411494410.53425694,2429776519.345136
3,7,0,1,0,0,42.465,40.589,44.565,494524902.86117977,2920051807.3707757
3,7,0,1,0,1,43.2655,42.1265,44.0055,485375183.4602628,2866024892.81298
3,7,0,1,0,2,27.1225,26.874,31.5715,774264909.208222,4571849940.086644
3,7,0,1,1,0,49.76,47.9045,51.1225,422025723.4726688,2491961414.790997
3,7,0,1,1,1,73.31,70.0615,75.281,286454781.066703,1691447278.6795797
3,7,0,1,1,2,51.4785,50.7875,57.0035,407937294.2102043,2408772594.3840632
3,7,0,2,0,0,42.29,40.2645,44.7585,496571293.4499882,2932135256.561835
3,7,0,2,0,1,44.2645,42.8155,46.5005,474420811.2595873,2801341933.151849
3,7,0,2,0,2,50.9455,50.888,52.54,412205199.67416155,2433973559.9807634
3,7,0,2,1,0,49.129,47.4775,50.99,427446111.2581164,2523967514.0955443
3,7,0,2,1,1,71.696,68.424,76.915,292903369.7835305,1729524659.67418
3,7,0,2,1,2,78.542,74.863,84.4825,267372870.56606656,1578773140.4853454
3,7,1,0,0,0,43.6585,42.467,45.177,481005989.66982377,2840225843.7646737
3,7,1,0,0,1,44.43,43.4095,54.4145,472653612.4240378,2790907044.7895565
3,7,1,0,0,2,26.9655,26.7455,31.6075,778772876.4532459,4598468413.342976
3,7,1,0,1,0,61.602,50.966,71.5555,340898022.79146785,2012921658.3877149
3,7,1,0,1,1,73.2625,70.798,79.139,286640505.0332708,1692543934.48217
3,7,1,0,1,2,51.0335,48.3325,58.0405,411494410.53425694,2429776519.345136
3,7,1,1,0,0,41.389,40.883,47.1625,507381188.2384208,2995965111.503056
3,7,1,1,0,1,44.3885,43.1045,49.7885,473095508.9719184,2793516338.6913276
3,7,1,1,0,2,27.098,26.344,31.6515,774964942.0621449,4575983467.41457
3,7,1,1,1,0,50.0885,48.094,53.3335,419257913.49311715,2475618155.8641205
3,7,1,1,1,1,75.541,73.4355,77.755,277994731.3379489,1641492699.3288414
3,7,1,1,1,2,52.6375,51.042,57.718,398955117.5492757,2355734979.8147707
3,7,1,2,0,0,41.76,40.584,44.7045,502873563.2183908,2969348659.0038314
3,7,1,2,0,1,43.702,43.1655,45.558,480527206.992815,2837398746.0528126
3,7,1,2,0,2,50.7405,50.6655,52.5915,413870576.7582109,2443807215.1437216
3,7,1,2,1,0,49.9555,48.734,52.7445,420374132.9783507,2482209166.1578803
3,7,1,2,1,1,75.141,73.4345,76.848,279474587.774983,1650230899.2427568
3,7,1,2,1,2,76.2235,75.0405,78.999,275505585.5477641,1626794886.0915596
7,7,0,0,0,0,79.2705,76.844,80.6545,618136633.4260539,3178988400.476848
7,7,0,0,0,1,76.816,76.7245,80.694,637887940.0124974,3280566548.6357007
7,7,0,0,0,2,30.0155,29.921,39.8985,1632489880.2285485,8395662241.175393
7,7,0,0,1,0,138.209,136.3335,143.458,354535522.2887077,1823325543.199068
7,7,0,0,1,1,109.2185,106.77,117.238,448641942.52805156,2307301418.7156935
7,7,0,0,1,2,56.274,55.5175,58.4445,870739595.5503429,4478089348.5446205
7,7,0,1,0,0,79.665,77.6005,81.9985,615075629.1972635,3163246093.0144978
7,7,0,1,0,1,80.962,77.418,111.742,605222203.008819,3112571329.75964
7,7,0,1,0,2,36.561,35.821,43.389,1340225923.7985833,6892590465.249856
7,7,0,1,1,0,116.618,111.3755,125.8505,420175273.11392754,2160901404.585913
7,7,0,1,1,1,114.568,108.5775,120.2875,427693596.8158648,2199567069.338733
7,7,0,1,1,2,65.5725,64.77,76.9235,747264478.249266,3843074459.5676537
7,7,0,2,0,0,80.23,79.059,91.074,610744110.6817899,3140969712.0777764
7,7,0,2,0,1,77.922,77.303,162.1045,628833962.1672956,3234003234.003234
7,7,0,2,0,2,85.4275,85.2555,90.8185,573585789.1194288,2949869772.6142054
7,7,0,2,1,0,111.038,105.6285,117.1315,441290369.0628434,2269493326.6089087
7,7,0,2,1,1,110.68,105.704,117.689,442717744.850018,2276834116.3715215
7,7,0,2,1,2,112.766,110.653,116.5425,434528137.9139102,2234716137.8429666
7,7,1,0,0,0,80.0445,78.713,84.144,612159486.2857536,3148248786.612447
7,7,1,0,0,1,80.7975,78.982,81.948,606454407.6239983,3118908382.066277
7,7,1,0,0,2,31.4395,30.2455,31.567,1558548959.1119452,8015394646.861433
7,7,1,0,1,0,140.594,137.7025,146.6315,348521274.02307355,1792395123.5472355
7,7,1,0,1,1,116.3685,114.6765,121.259,421076150.33277905,2165534487.4257207
7,7,1,0,1,2,66.623,66.017,70.0595,735481740.5400537,3782477522.777419
7,7,1,1,0,0,81.713,80.4385,82.633,599659784.8567548,3083964607.8347387
7,7,1,1,0,1,84.8205,82.9295,89.0105,577690534.7174327,2970979892.832511
7,7,1,1,0,2,38.738,37.8515,39.181,1264907842.428623,6505240332.490062
7,7,1,1,1,0,117.875,115.4445,121.892,415694591.728526,2137857900.3181336
7,7,1,1,1,1,121.4575,115.1145,124.4665,403433299.7138917,2074799827.1000144
7,7,1,1,1,2,74.375,73.108,77.017,658823529.4117647,3388235294.117647
7,7,1,2,0,0,81.7975,80.731,82.7285,599040312.9680003,3080778752.4068584
7,7,1,2,0,1,84.9925,82.9305,89.5445,576521457.775686,2964967497.1320996
7,7,1,2,0,2,91.0265,89.433,96.459,538304779.377434,2768424579.655375
7,7,1,2,1,0,118.6215,115.038,123.766,413078573.4457919,2124404092.0069296
7,7,1,2,1,1,121.785,114.728,125.139,402348400.87038636,2069220347.3334155
7,7,1,2,1,2,120.5595,119.221,125.038,406438314.6910862,2090254189.8398716
7,16,0,0,0,0,163.018,159.407,165.222,687040694.8925885,3312517636.0892663
7,16,0,0,0,1,115.1665,109.6495,119.393,972505025.3328876,4688863514.997851
7,16,0,0,0,2,39.5165,39.264,39.8155,2834259106.9553223,13665177837.106018
7,16,0,0,1,0,286.655,277.3345,290.7095,390713575.55249345,1883797596.4138076
7,16,0,0,1,1,139.5005,128.9895,146.3705,802864505.8619863,3870953867.548862
7,16,0,0,1,2,64.5275,63.1855,66.236,1735694083.9177094,8368525047.460384
7,16,0,1,0,0,164.112,157.458,166.101,682460758.5063859,3290435799.9415035
7,16,0,1,0,1,115.07,104.0635,120.7845,973320587.4684975,4692795689.5802555
7,16,0,1,0,2,47.1975,45.2975,47.769,2373007044.8646646,11441283966.311775
7,16,0,1,1,0,263.106,256.535,269.66,425683944.87392914,2052404734.213587
7,16,0,1,1,1,141.961,130.1655,155.455,788949077.5635561,3803861623.9671454
7,16,0,1,1,2,70.534,69.5015,72.8405,1587886692.9424107,7655882269.543765
7,16,0,2,0,0,161.375,156.576,166.9965,694035631.2935709,3346243222.308288
7,16,0,2,0,1,117.18,109.2895,118.463,955794504.1816009,4608294930.875576
7,16,0,2,0,2,114.46,113.0515,117.2075,978507775.6421458,4717805346.84606
7,16,0,2,1,0,263.456,250.8105,267.414,425118425.8472003,2049678124.6204298
7,16,0,2,1,1,139.115,132.609,149.893,805089314.595838,3881680623.9442186
7,16,0,2,1,2,143.023,141.3105,145.791,783090831.5445768,3775616509.232781
7,16,1,0,0,0,161.9825,157.38,169.529,691432716.4971526,3333693454.5398426
7,16,1,0,0,1,146.1515,142.539,150.298,766328091.0561986,3694796153.3066716
7,16,1,0,0,2,40.473,40.1805,41.1325,2767276950.065476,13342228152.1014
7,16,1,0,1,0,285.961,284.0065,292.8885,391661800.0356692,1888369393.0291193
7,16,1,0,1,1,176.253,167.7095,185.766,635450176.7345804,3063777637.8274417
7,16,1,0,1,2,65.051,64.2055,72.2445,1721726030.3454213,8301179074.879709
7,16,1,1,0,0,164.308,158.186,169.401,681646663.583027,3286510699.418166
7,16,1,1,0,1,156.426,152.8105,160.6875,715993504.9160626,3452111541.5595875
7,16,1,1,0,2,47.8495,47.581,48.6225,2340672316.3251443,11285384382.281946
7,16,1,1,1,0,263.553,261.517,270.0635,424961962.11008793,2048923745.887924
7,16,1,1,1,1,183.4405,175.222,193.7645,610552195.398508,2943733799.2428064
7,16,1,1,1,2,72.1955,71.7185,74.0125,1551343227.7635033,7479690562.431177
7,16,1,2,0,0,161.959,157.7655,165.408,691533042.3131781,3334177168.2956796
7,16,1,2,0,1,157.2505,154.831,163.452,712239388.7459818,3434011338.596698
7,16,1,2,0,2,161.363,158.52,164.0185,694087244.2877239,3346492070.6729546
7,16,1,2,1,0,261.9565,231.834,270.138,427551902.7014027,2061410959.4531915
7,16,1,2,1,1,162.3775,160.106,166.2705,689750735.1695894,3325583901.7105203
7,16,1,2,1,2,170.496,168.4075,173.729,656906906.9069068,3167229729.7297297
16,7,0,0,0,0,172.1915,165.3805,174.71,650438610.5005183,3136043300.627499
16,7,0,0,0,1,164.674,161.914,167.244,680131654.0558922,3279206189.198052
16,7,0,0,0,2,52.392,51.421,53.8605,2137730951.2902732,10306917086.578102
16,7,0,0,1,0,298.038,277.8765,305.3755,375791006.51594764,1811849495.7018902
16,7,0,0,1,1,195.158,187.7175,199.5305,573893973.0884719,2766988798.8194184
16,7,0,0,1,2,76.156,75.652,82.87,1470665476.1279478,7090708545.616891
16,7,0,1,0,0,161.368,159.015,165.545,694065737.9406078,3346388379.356502
16,7,0,1,0,1,166.303,161.273,172.835,673469510.4718496,3247085139.774989
16,7,0,1,0,2,62.9015,61.534,64.802,1780561671.820227,8584850917.704665
16,7,0,1,1,0,275.982,272.0215,283.999,405823568.2037234,1956649346.6965234
16,7,0,1,1,1,195.4575,186.294,201.376,573014593.96544,2762748935.1905146
16,7,0,1,1,2,86.6185,85.3835,89.594,1293026316.5490053,6234234026.218418
16,7,0,2,0,0,161.63,157.1605,168.6225,692940666.955392,3340963929.963497
16,7,0,2,0,1,168.229,164.4595,171.8445,665759173.5075402,3209910300.8399262
16,7,0,2,0,2,168.8985,167.521,170.7975,663120157.9646947,3197186475.9012065
16,7,0,2,1,0,264.2,249.906,278.5725,423921271.7638153,2043906131.7183952
16,7,0,2,1,1,193.2405,186.8805,202.278,579588647.3073709,2794445263.8033953
16,7,0,2,1,2,192.7295,184.6125,320.9965,581125359.636174,2801854412.5315533
16,7,1,0,0,0,173.674,169.4085,178.2765,644886396.3517855,3109273696.696109
16,7,1,0,0,1,163.079,158.2135,168.384,686783706.0565737,3311278582.7727666
16,7,1,0,0,2,52.4735,51.7045,69.9545,2134410702.5450943,10290908744.413847
16,7,1,0,1,0,296.798,282.8755,305.8385,377361033.4301444,1819419268.3239105
16,7,1,0,1,1,189.0475,185.347,197.567,592443698.0124042,2856424972.5598063
16,7,1,0,1,2,76.2985,74.738,81.2065,1467918766.4239795,7077465480.972758
16,7,1,1,0,0,152.7325,145.16,223.379,733308234.986005,3535593275.8253813
16,7,1,1,0,1,169.71,167.446,173.8135,659949325.3196629,3181898532.791232
16,7,1,1,0,2,65.366,60.5545,66.5085,1713428999.7858214,8261175534.681639
16,7,1,1,1,0,273.86,270.0935,283.9895,408968085.88329804,1971810414.0801868
16,7,1,1,1,1,206.449,197.547,216.552,542506866.102524,2615658104.422884
16,7,1,1,1,2,87.8895,87.049,89.2455,1274327422.502119,6144078644.206646
16,7,1,2,0,0,161.6085,160.034,169.7365,693032854.0887392,3341408403.642135
16,7,1,2,0,1,178.954,173.756,183.295,625859159.3370363,3017535232.5178537
16,7,1,2,0,2,179.3345,176.723,187.337,624531253.049469,3011132827.202797
16,7,1,2,1,0,261.3965,255.222,269.735,428467863.953802,2065827201.205831
16,7,1,2,1,1,201.645,197.586,214.389,555431575.2932132,2677973666.5922785
16,7,1,2,1,2,208.398,201.928,219.1655,537433180.7406981,2591195692.8569374
16,16,0,0,0,0,353.1475,344.088,361.639,724909563.2844633,3262093034.780085
16,16,0,0,0,1,215.614,210.7845,224.6925,1187306946.6732216,5342881260.029497
16,16,0,0,0,2,58.09,57.377,59.143,4406954725.426063,19831296264.417282
16,16,0,0,1,0,622.499,618.2935,629.078,411245640.5552459,1850605382.4986064
16,16,0,0,1,1,237.9325,232.567,255.3965,1075935401.8471625,4841709308.312231
16,16,0,0,1,2,80.9365,80.3625,83.1365,3162973442.142915,14233380489.643116
16,16,0,1,0,0,334.6445,330.363,345.2475,764990908.2623501,3442459087.1805754
16,16,0,1,0,1,215.7,203.174,428.575,1186833565.136764,5340751043.115438
16,16,0,1,0,2,104.398,102.88,114.9035,2452154255.8286557,11034694151.22895
16,16,0,1,1,0,602.8995,592.1045,816.574,424614716.0513485,1910766222.2310684
16,16,0,1,1,1,247.649,236.2435,261.7385,1033721113.3499428,4651745010.074743
16,16,0,1,1,2,96.6155,94.0875,99.56,2649678364.2376223,11923552639.069302
16,16,0,2,0,0,345.816,334.349,350.978,740278066.9488977,3331251301.27004
16,16,0,2,0,1,223.2785,214.7905,236.968,1146550160.4498417,5159475722.024288
16,16,0,2,0,2,222.773,219.1495,228.2875,1149151827.196294,5171183222.383323
16,16,0,2,1,0,586.695,577.7975,601.205,436342563.0012187,1963541533.5054839
16,16,0,2,1,1,236.728,233.0185,261.729,1081409888.1416647,4866344496.637491
16,16,0,2,1,2,237.7535,234.5325,241.454,1076745452.7483296,4845354537.367483
16,16,1,0,0,0,370.0035,358.8165,379.1115,691885347.0305011,3113484061.637255
16,16,1,0,0,1,294.239,285.71,303.612,870041021.0747046,3915184594.836171
16,16,1,0,0,2,58.832,57.622,61.5465,4351373402.230079,19581180310.035355
16,16,1,0,1,0,627.1795,622.3975,645.549,408176606.5376818,1836794729.4195683
16,16,1,0,1,1,327.949,312.78,338.7165,780609180.085928,3512741310.386676
16,16,1,0,1,2,82.0995,81.311,84.4675,3118167589.327584,14031754151.974129
16,16,1,1,0,0,333.5825,322.1965,340.6795,767426348.8042688,3453418569.61921
16,16,1,1,0,1,299.4805,291.397,304.0545,854813585.5256019,3846661134.865208
16,16,1,1,0,2,72.5215,70.0645,75.145,3529987658.832208,15884944464.744938
16,16,1,1,1,0,655.648,649.794,676.116,390453414.0270389,1757040363.121675
16,16,1,1,1,1,339.044,329.1385,349.3875,755064239.449747,3397789077.5238614
16,16,1,1,1,2,114.8735,113.3645,118.6525,2228538348.7053146,10028422569.173916
16,16,1,2,0,0,346.1555,340.949,350.7415,739552022.1403387,3327984099.6315236
16,16,1,2,0,1,320.45,308.9595,336.924,798876579.8096427,3594944609.143392
16,16,1,2,0,2,312.822,309.527,317.2455,818356765.1891491,3682605443.351171
16,16,1,2,1,0,600.511,588.972,602.3465,426303598.10228294,1918366191.460273
16,16,1,2,1,1,331.207,324.013,366.3785,772930523.8113929,3478187357.151268
16,16,1,2,1,2,333.894,330.6195,339.112,766710393.1187742,3450196769.034484
17,16,0,0,0,0,383.1135,379.416,391.82,709972371.111955,3184434899.840387
17,16,0,0,0,1,230.008,221.8255,242.5715,1182567562.8673785,5304163333.449271
17,16,0,0,0,2,68.5935,62.3815,70.2265,3965390306.66171,17785941816.644432
17,16,0,0,1,0,692.947,684.7905,714.298,392526412.55391824,1760596409.2491922
17,16,0,0,1,1,262.9445,252.6525,276.371,1034438826.4443637,4639762383.316631
17,16,0,0,1,2,93.922,90.058,98.4685,2896020101.786589,12989501927.131023
17,16,0,1,0,0,371.0095,361.9925,380.408,733134865.8187997,3288325501.0990286
17,16,0,1,0,1,234.956,229.6525,246.043,1157663562.539369,5192461567.27217
17,16,0,1,0,2,75.631,71.7755,92.1085,3596408879.9566317,16130951593.923126
17,16,0,1,1,0,620.485,612.6365,632.199,438366761.4849674,1966203856.6605155
17,16,0,1,1,1,241.8225,233.9925,265.104,1124791944.5047505,5045022692.263954
17,16,0,1,1,2,104.88,98.425,108.305,2593440122.044241,11632341723.874905
17,16,0,2,0,0,350.936,338.814,355.35,775070098.251533,3476417352.4517293
17,16,0,2,0,1,217.0025,214.433,237.3355,1253441780.6246471,5622055045.448785
17,16,0,2,0,2,220.076,218.696,225.4325,1235936676.420873,5543539504.534798
17,16,0,2,1,0,613.664,608.734,622.0195,443239297.07462066,1988058611.8788133
17,16,0,2,1,1,246.9765,239.246,271.376,1101319356.2950323,4939741230.440953
17,16,0,2,1,2,262.6375,257.756,275.6645,1035647993.907953,4645185855.028318
17,16,1,0,0,0,372.6955,363.772,386.4845,729818310.1218019,3273449773.340435
17,16,1,0,0,1,307.1875,297.7805,323.6,885452695.8290946,3971515768.0569687
17,16,1,0,0,2,61.8905,61.4785,63.5715,4394858661.6685915,19712233703.07236
17,16,1,0,1,0,657.211,636.6115,680.702,413870126.94553196,1856329245.858636
17,16,1,0,1,1,339.8925,332.6675,355.0185,800253021.175813,3589370168.509161
17,16,1,0,1,2,94.744,89.4605,102.622,2870894199.1049566,12876804863.632526
17,16,1,1,0,0,354.557,347.8215,357.076,767154505.4814881,3440913590.762557
17,16,1,1,0,1,326.4545,311.954,359.704,833194212.3634381,3737121099.5713034
17,16,1,1,0,2,72.2635,70.012,109.4375,3764002573.913525,16882658603.582724
17,16,1,1,1,0,625.864,598.426,650.4115,434599210.05202407,1949305280.380402
17,16,1,1,1,1,341.2465,330.165,355.893,797077772.2262353,3575128243.073555
17,16,1,1,1,2,100.0225,98.1615,109.92,2719388137.6690245,12197255617.486067
17,16,1,2,0,0,355.449,342.316,375.8955,765229329.6647339,3432278610.996233
17,16,1,2,0,1,336.2085,322.8895,349.322,809021782.6140623,3628700642.6071916
17,16,1,2,0,2,319.1415,314.6705,326.1625,852286524.9426978,3822755736.8753357
17,16,1,2,1,0,615.6325,606.262,623.202,441822028.564119,1981701745.7655337
17,16,1,2,1,1,344.678,338.791,363.6265,789142329.9427291,3539535450.4784174
17,16,1,2,1,2,342.627,337.229,349.4695,793866216.030844,3560723468.961874
17,17,0,0,0,0,403.3265,396.6785,410.549,716541065.365157,3203360056.9265842
17,17,0,0,0,1,234.4605,229.313,242.2805,1232617007.9821548,5510523094.508457
17,17,0,0,0,2,61.3105,60.487,62.414,4713711354.498822,21073062525.99473
17,17,0,0,1,0,700.3215,697.263,709.655,412667610.5188831,1844866964.672654
17,17,0,0,1,1,255.0585,247.5695,280.191,1133073392.9667115,5065504580.321769
17,17,0,0,1,2,83.641,82.879,89.0365,3455243241.950718,15446969787.544386
17,17,0,1,0,0,385.5005,374.7215,395.3065,749674773.4438736,3351487222.4549646
17,17,0,1,0,1,246.093,224.066,265.057,1174352785.3291235,5250047746.1772585
17,17,0,1,0,2,71.803,69.461,82.2785,4024901466.5125413,17993677144.409008
17,17,0,1,1,0,699.6165,673.3635,714.5155,413083453.57778156,1846726027.759494
17,17,0,1,1,1,256.243,249.7475,278.123,1127835687.218773,5042088954.625102
17,17,0,1,1,2,97.658,96.9205,100.889,2959306969.2191114,13229842921.214851
17,17,0,2,0,0,373.094,369.398,380.3375,774603719.1699679,3462934273.936327
17,17,0,2,0,1,226.148,222.1985,252.064,1277924191.2375968,5713072854.94455
17,17,0,2,0,2,231.58,227.0005,235.9565,1247948872.9596684,5579065549.702046
17,17,0,2,1,0,655.3265,646.356,669.874,441001546.55732673,1971536325.785696
17,17,0,2,1,1,253.382,247.159,278.433,1140570364.1142623,5099020451.334349
17,17,0,2,1,2,261.91,253.583,267.551,1103432476.8050094,4932992249.245924
17,17,1,0,0,0,401.79,393.5125,423.435,719281216.5559123,3215610144.602902
17,17,1,0,0,1,333.2175,326.202,343.3425,867301387.2320632,3877347378.2139297
17,17,1,0,0,2,60.9215,60.692,74.0385,4743809656.689346,21207619641.670017
17,17,1,0,1,0,715.444,700.8855,732.209,403944962.8482453,1805871598.615685
17,17,1,0,1,1,345.4285,336.064,361.147,836642025.7737854,3740281997.576923
17,17,1,0,1,2,85.0685,84.1495,87.5645,3397262206.3395967,15187760451.87114
17,17,1,1,0,0,372.8325,366.9235,382.786,775147016.4215834,3465363132.237667
17,17,1,1,0,1,336.452,323.869,350.2775,858963537.1464578,3840072283.713576
17,17,1,1,0,2,75.4815,74.129,76.934,3828752740.737797,17116776958.592503
17,17,1,1,1,0,690.2385,683.823,726.386,418695856.57711065,1871816770.580024
17,17,1,1,1,1,359.306,350.9905,381.085,804328344.0855427,3595820832.3824263
17,17,1,1,1,2,99.4985,98.583,102.288,2904566400.4985,12985120378.699175
17,17,1,2,0,0,373.1765,363.3945,382.3415,774432473.641829,3462168705.692883
17,17,1,2,0,1,338.498,333.1615,347.0395,853771661.8709712,3816861547.1878715
17,17,1,2,0,2,341.3555,337.8255,351.88,846624706.5009938,3784910452.592678
17,17,1,2,1,0,656.3825,649.755,663.355,440292055.3183547,1968364482.5997036
17,17,1,2,1,1,358.45,348.074,378.9725,806249128.1908216,3604407867.206026
17,17,1,2,1,2,354.029,352.2265,358.965,816317307.3392292,3649418550.457731
49,49,0,0,0,0,3493.972,3436.6965,3530.0455,687183526.3705604,2860927334.2774353
49,49,0,0,0,1,1328.4605,1279.9865,1593.3,1807355205.5179663,7524499222.972757
49,49,0,0,0,2,169.7935,166.161,177.612,14140706210.779566,58871511571.4088
49,49,0,0,1,0,6322.0795,6280.399,6488.3515,379780102.4172505,1581125324.3493695
49,49,0,0,1,1,1353.1015,1332.5715,1395.8805,1774441902.5475917,7387472410.606299
49,49,0,0,1,2,196.8845,193.4815,204.936,12194967100.000254,50770883436.73575
49,49,0,1,0,0,3277.962,3192.436,3341.8615,732467307.4306536,3049455728.8949656
49,49,0,1,0,1,1299.168,1284.059,1370.262,1848105864.67647,7694155028.448977
49,49,0,1,0,2,201.595,198.17,207.817,11910017609.56373,49584563109.204094
49,49,0,1,1,0,6019.0465,5969.9755,6082.5935,398900390.61834794,1660728156.8600607
49,49,0,1,1,1,1336.5185,1323.851,1409.4505,1796458485.2360818,7479133285.472667
49,49,0,1,1,2,228.3495,223.7725,233.2655,10514584003.906292,43775002791.77313
49,49,0,2,0,0,3297.8875,3274.956,3321.831,728041814.6464972,3031031228.3241925
49,49,0,2,0,1,1296.936,1285.5275,1336.2425,1851286416.6003566,7707396509.928016
49,49,0,2,0,2,1309.305,1299.8275,1323.1945,1833797319.9521883,7634584760.617273
49,49,0,2,1,0,6134.2455,6109.509,6160.6975,391409179.82496786,1629540258.8631315
49,49,0,2,1,1,1352.214,1333.1985,1418.3145,1775606523.8194547,7392321037.94222
49,49,0,2,1,2,1388.5275,1368.7935,1402.0695,1729169930.0157902,7198993178.024922
49,49,1,0,0,0,3489.64,3457.6005,3561.544,688036588.301372,2864478857.4179573
49,49,1,0,0,1,2303.7945,2256.861,2359.909,1042193650.5187421,4338928667.465783
49,49,1,0,0,2,169.4805,167.581,171.19,14166821551.74194,58980236664.39502
49,49,1,0,1,0,6375.067,6331.562,6514.9285,376623492.74133116,1567983520.8006442
49,49,1,0,1,1,2303.383,2272.868,2351.656,1042379838.6981237,4339703818.253413
49,49,1,0,1,2,196.526,193.7175,201.7515,12217212989.62987,50863498977.23456
49,49,1,1,0,0,3322.977,3216.5785,3518.6795,722544874.6711158,3008146008.834849
49,49,1,1,0,1,2197.658,2157.147,2227.808,1092526680.6755192,4548478425.669508
49,49,1,1,0,2,203.7415,200.88,210.0145,11784540704.765598,49062169464.7384
49,49,1,1,1,0,6063.5815,6037.306,6109.648,395970599.2242373,1648530657.994784
49,49,1,1,1,1,2200.5525,2180.654,2257.015,1091089624.0830429,4542495577.815117
49,49,1,1,1,2,230.072,227.0285,231.2945,10435863555.756458,43447268681.10852
49,49,1,2,0,0,3323.1735,3300.599,3391.475,722502150.4294013,3007968136.4815893
49,49,1,2,0,1,2169.7965,2158.1825,2194.0095,1106555384.3413427,4606883640.931304
49,49,1,2,0,2,2172.5335,2165.9625,2283.482,1105161324.3248034,4601079799.229794
49,49,1,2,1,0,6165.385,6041.692,6321.164,389432290.1165134,1621309942.5258925
49,49,1,2,1,1,2230.146,2166.4215,2323.8875,1076611127.7019532,4482217756.146907
49,49,1,2,1,2,2191.4925,2180.9225,2226.854,1095600372.8052914,4561275021.475091
