policy,split,mhz,submission_ns,measured_preparation,remaining_cpu_kernel_ns,l2_cycles,submissions,host_prepare_ns,false_positives,modeled_kernel_ns,modeled_total_ns
cpu,all,2000,0,false,18539589.0,0.0,0.0,0.0,0.0,18539589.0,89108053.0
all_offload,all,2000,0,false,0.0,43019109.0,15363.0,0.0,12477.0,21509554.5,92078018.5
estimated_threshold,all,2000,0,false,15436977.0,5506567.0,1984.0,0.0,638.0,18190260.5,88758724.5
oracle_upper_bound,all,2000,0,false,13572585.0,7929358.0,2886.0,0.0,0.0,17537264.0,88105728.0
cpu,test,2000,0,false,12417470.0,0.0,0.0,0.0,0.0,12417470.0,68458563.0
all_offload,test,2000,0,false,0.0,28719032.0,10211.0,0.0,8291.0,14359516.0,70400609.0
estimated_threshold,test,2000,0,false,10347769.0,3694987.0,1323.0,0.0,442.0,12195262.5,68236355.5
oracle_upper_bound,test,2000,0,false,9117548.0,5278839.0,1920.0,0.0,0.0,11756967.5,67798060.5
cpu,all,2000,0,true,18539589.0,0.0,0.0,0.0,0.0,18539589.0,89108053.0
all_offload,all,2000,0,true,0.0,43019109.0,15363.0,57409957.0,15362.0,78919511.5,149487975.5
estimated_threshold,all,2000,0,true,18539589.0,0.0,0.0,0.0,0.0,18539589.0,89108053.0
oracle_upper_bound,all,2000,0,true,18526176.0,9665.0,1.0,7083.0,0.0,18538091.5,89106555.5
cpu,test,2000,0,true,12417470.0,0.0,0.0,0.0,0.0,12417470.0,68458563.0
all_offload,test,2000,0,true,0.0,28719032.0,10211.0,39467500.0,10210.0,53827016.0,109868109.0
estimated_threshold,test,2000,0,true,12417470.0,0.0,0.0,0.0,0.0,12417470.0,68458563.0
oracle_upper_bound,test,2000,0,true,12404057.0,9665.0,1.0,7083.0,0.0,12415972.5,68457065.5
cpu,all,2000,100,false,18539589.0,0.0,0.0,0.0,0.0,18539589.0,89108053.0
all_offload,all,2000,100,false,0.0,43019109.0,15363.0,0.0,13548.0,23045854.5,93614318.5
estimated_threshold,all,2000,100,false,16581502.0,3192414.0,1480.0,0.0,780.0,18325709.0,88894173.0
oracle_upper_bound,all,2000,100,false,14759868.0,5651312.0,1815.0,0.0,0.0,17767024.0,88335488.0
cpu,test,2000,100,false,12417470.0,0.0,0.0,0.0,0.0,12417470.0,68458563.0
all_offload,test,2000,100,false,0.0,28719032.0,10211.0,0.0,9000.0,15380616.0,71421709.0
estimated_threshold,test,2000,100,false,11128717.0,2108456.0,977.0,0.0,524.0,12280645.0,68321738.0
oracle_upper_bound,test,2000,100,false,9919748.0,3737589.0,1211.0,0.0,0.0,11909642.5,67950735.5
cpu,all,2000,100,true,18539589.0,0.0,0.0,0.0,0.0,18539589.0,89108053.0
all_offload,all,2000,100,true,0.0,43019109.0,15363.0,57409957.0,15362.0,80455811.5,151024275.5
estimated_threshold,all,2000,100,true,18539589.0,0.0,0.0,0.0,0.0,18539589.0,89108053.0
oracle_upper_bound,all,2000,100,true,18526176.0,9665.0,1.0,7083.0,0.0,18538191.5,89106655.5
cpu,test,2000,100,true,12417470.0,0.0,0.0,0.0,0.0,12417470.0,68458563.0
all_offload,test,2000,100,true,0.0,28719032.0,10211.0,39467500.0,10210.0,54848116.0,110889209.0
estimated_threshold,test,2000,100,true,12417470.0,0.0,0.0,0.0,0.0,12417470.0,68458563.0
oracle_upper_bound,test,2000,100,true,12404057.0,9665.0,1.0,7083.0,0.0,12416072.5,68457165.5
cpu,all,8000,0,false,18539589.0,0.0,0.0,0.0,0.0,18539589.0,89108053.0
all_offload,all,8000,0,false,0.0,43019109.0,15363.0,0.0,0.0,5377388.625,75945852.625
estimated_threshold,all,8000,0,false,0.0,43019109.0,15363.0,0.0,0.0,5377388.625,75945852.625
oracle_upper_bound,all,8000,0,false,0.0,43019109.0,15363.0,0.0,0.0,5377388.625,75945852.625
cpu,test,8000,0,false,12417470.0,0.0,0.0,0.0,0.0,12417470.0,68458563.0
all_offload,test,8000,0,false,0.0,28719032.0,10211.0,0.0,0.0,3589879.0,59630972.0
estimated_threshold,test,8000,0,false,0.0,28719032.0,10211.0,0.0,0.0,3589879.0,59630972.0
oracle_upper_bound,test,8000,0,false,0.0,28719032.0,10211.0,0.0,0.0,3589879.0,59630972.0
cpu,all,8000,0,true,18539589.0,0.0,0.0,0.0,0.0,18539589.0,89108053.0
all_offload,all,8000,0,true,0.0,43019109.0,15363.0,57409957.0,15348.0,62787345.625,133355809.625
estimated_threshold,all,8000,0,true,18539589.0,0.0,0.0,0.0,0.0,18539589.0,89108053.0
oracle_upper_bound,all,8000,0,true,18407360.0,136158.0,15.0,97384.0,0.0,18521763.75,89090227.75
cpu,test,8000,0,true,12417470.0,0.0,0.0,0.0,0.0,12417470.0,68458563.0
all_offload,test,8000,0,true,0.0,28719032.0,10211.0,39467500.0,10202.0,43057379.0,99098472.0
estimated_threshold,test,8000,0,true,12417470.0,0.0,0.0,0.0,0.0,12417470.0,68458563.0
oracle_upper_bound,test,8000,0,true,12334875.0,81417.0,9.0,61296.0,0.0,12406348.125,68447441.125
cpu,all,8000,100,false,18539589.0,0.0,0.0,0.0,0.0,18539589.0,89108053.0
all_offload,all,8000,100,false,0.0,43019109.0,15363.0,0.0,803.0,6913688.625,77482152.625
estimated_threshold,all,8000,100,false,52188.0,42878226.0,15021.0,0.0,580.0,6914066.25,77482530.25
oracle_upper_bound,all,8000,100,false,110409.0,42545261.0,14560.0,0.0,0.0,6884566.625,77453030.625
cpu,test,8000,100,false,12417470.0,0.0,0.0,0.0,0.0,12417470.0,68458563.0
all_offload,test,8000,100,false,0.0,28719032.0,10211.0,0.0,539.0,4610979.0,60652072.0
estimated_threshold,test,8000,100,false,33360.0,28631001.0,9997.0,0.0,405.0,4611935.125,60653028.125
oracle_upper_bound,test,8000,100,false,73433.0,28403964.0,9672.0,0.0,0.0,4591128.5,60632221.5
cpu,all,8000,100,true,18539589.0,0.0,0.0,0.0,0.0,18539589.0,89108053.0
all_offload,all,8000,100,true,0.0,43019109.0,15363.0,57409957.0,15351.0,64323645.625,134892109.625
estimated_threshold,all,8000,100,true,18539589.0,0.0,0.0,0.0,0.0,18539589.0,89108053.0
oracle_upper_bound,all,8000,100,true,18422977.0,119181.0,12.0,84062.0,0.0,18523136.625,89091600.625
cpu,test,8000,100,true,12417470.0,0.0,0.0,0.0,0.0,12417470.0,68458563.0
all_offload,test,8000,100,true,0.0,28719032.0,10211.0,39467500.0,10204.0,44078479.0,100119572.0
estimated_threshold,test,8000,100,true,12417470.0,0.0,0.0,0.0,0.0,12417470.0,68458563.0
oracle_upper_bound,test,8000,100,true,12348334.0,66479.0,7.0,49815.0,0.0,12407158.875,68448251.875
