family,profile,graph,seed,input_sha256,status,wall_seconds,nodes,branches,depth,pruned,dfs_open_bound,forks,branch_domain_min,branch_domain_max,optimum
degree-3,binary,N20-D2,1001,94870a19cd77e6965a58364a6986c20b0452d21536bb7cebb50e4d78c0e66521,complete,0.104847,43,42,5,18,6,21,2,2,-89
degree-3,binary,N20-D2,1002,a523d6ce84c7d3175f136ce1440c170490efdf7d755b0f7629c6241faebefe6e,complete,0.102685,47,46,5,22,6,23,2,2,-61
degree-3,binary,N20-D4,1001,91b2a6b90e618006f62aa93d92595d818255f5ca83db8d7599a2b53f41a6f9f0,complete,0.203644,833,832,5,616,16,208,4,4,-137
degree-3,binary,N20-D4,1002,7daa80796ca7a35fbd02e39e164f552792b8f80bb74c87e9db91cfc3c83fd20a,complete,0.103997,461,460,5,338,16,115,4,4,-144
degree-3,binary,N30-D2,1001,a9b966f58f37a51450f2c56fd0676c50e14bcaa45a5f1c813e3402f91c32f8f3,complete,0.102547,227,226,7,110,8,113,2,2,-140
degree-3,binary,N30-D2,1002,afebf5d9ddb3e9953b0bde351a2ff84402cb5ec95dc6aee0dd9f2e01a9287d52,complete,0.102891,207,206,7,100,8,103,2,2,-92
degree-3,binary,N30-D4,1001,c6380641b5f8e4bdef16222e2f8381c968ff889e04ba241b597a42e88f07b00f,complete,3.406175,18189,18188,7,13625,22,4547,4,4,-191
degree-3,binary,N30-D4,1002,2d80d650f1e1e4fc4b305491501c1f23b80dddb0671be1a66bfc02f5ef876504,complete,2.605685,13869,13868,7,10385,22,3467,4,4,-189
degree-3,binary,N50-D2,1001,4610ab9717279b3806163052f0466fbc42d16948970cb8d474ab9a1cad96552c,complete,0.303034,3637,3636,12,1815,13,1818,2,2,-234
degree-3,binary,N50-D2,1002,60be937a26246584226f14b44fdbba1afd9b89874f43241fd80be3d0b0d58db0,complete,0.202967,2915,2914,12,1443,13,1457,2,2,-207
degree-4,binary,N20-D2,1001,eeb7c7ca3696614d3339ff048499dc0aef49a117f967dcb32d5f28e4d715d009,complete,0.102994,7,6,2,3,3,3,2,2,-107
degree-4,binary,N20-D2,1002,f60eede8995a2c9c12f968bd502f3d84bf2e42ba5e0b8b2a6b213940c9d6f4f4,complete,0.103774,7,6,2,0,3,3,2,2,-80
degree-4,binary,N20-D4,1001,31d9c2404400ed49098fa710bbf545fb1dee6112f1dca21e60fbb0901ac8474f,complete,0.102584,21,20,2,14,7,5,4,4,-158
degree-4,binary,N20-D4,1002,4b560cd52d5fe00f462938ce6927235d6433e95e988e06ee3eb5786f21b83300,complete,0.103203,21,20,2,12,7,5,4,4,-157
degree-4,binary,N50-D2,1001,6699cba4618d928c87c94e3da9b6e733a4ddbbd1d635b99372bc621428670cd4,complete,0.102828,7,6,2,3,3,3,2,2,-249
degree-4,binary,N50-D2,1002,64608c3d17d44bb094f0b0dfe0e22d69473486428198ff161c0dc1e4738458a6,complete,0.102832,7,6,2,2,3,3,2,2,-191
degree-4,binary,N50-D4,1001,e2e1f32e0868fe699fa66c63e5079bf7fc096f393ced96e02fbe6187211c8675,complete,0.102857,21,20,2,14,7,5,4,4,-383
degree-4,binary,N50-D4,1002,329448ec6a3c611e3994e00782563f2ebc0251ef1fe711cc6b888ef29052b081,complete,0.103177,21,20,2,10,7,5,4,4,-340
degree-4,binary,N100-D2,1001,eb6b4f5a8602887dd3581b66a91ec1044c3068078aebad1539f1687f04dc1eff,complete,0.102776,7,6,2,3,3,3,2,2,-451
degree-4,binary,N100-D2,1002,da9945adc6559aa1c0acd68a5ce08f3dc8c251232c198ac58fe8f22c3de02c98,complete,0.103128,7,6,2,1,3,3,2,2,-407
mixed-degree,small,N15-D2,1001,f4a6478326ec5649e9dedc1345959285c34bfa7ac59d0956b49cfeaf8dba3b48,complete,0.103096,307,306,10,148,11,153,2,2,-103
mixed-degree,small,N15-D2,1002,28138a47dc2d85fbc597fb63551b2f20df2f9991663a0d5faefd3dbe129e44fa,complete,0.102913,57,56,5,27,6,28,2,2,-31
mixed-degree,small,N20-D2,1001,3230c8de544f5bfa394a8ab99f37082b1bad65fe7407f93967db3106926d6a60,complete,0.203225,24345,24344,16,12161,17,12172,2,2,-101
mixed-degree,small,N20-D2,1002,3567db50049202ff968c44d6b3b15914b68ed1e81a98877f2a70852eb4a23079,complete,0.202788,31679,31678,17,15809,18,15839,2,2,-98
mixed-degree,small,N25-D2,1001,2b6c0749fb9e24684fe3017f9a35fd4245bada12693841051cb006ef80fba032,complete,0.503486,98911,98910,22,49429,23,49455,2,2,-147
mixed-degree,small,N25-D2,1002,1169b261f5905599d61e2f3caab15f8f88eb620d9d69f89c52a3bbe467dde706,complete,0.903778,178701,178700,22,89318,23,89350,2,2,-133
llvm-regalloc,real,004-instcombine-mulwilloverflow-n13-d16.pbqp,4,0f6e4b424d328ef72d7f80d800df9f8ff727a7bacbd14b38a4d21aac7781e343,complete,0.104102,47,46,2,41,31,3,15,16,0
llvm-regalloc,real,023-instcombine-faddendcoef-converttofptype-n7-d16.pbqp,23,857479872b6d4ad47697afab5d38d8463cb18ef070faaf6cddba3591ea34ca19,complete,0.103273,74,73,3,60,46,7,7,15,2000
llvm-regalloc,real,027-instcombine-faddend-set-n4-d16.pbqp,27,f981debf0544eebf518f51c6d66e3e4a1a009fab8b3e8856c2b63108a6476654,complete,0.102767,16,15,1,13,16,1,15,15,2000
llvm-regalloc,real,047-instcombine-patternmatch-match-n13-d16.pbqp,47,016c4864a9c91db18f2dcde4c8d445f3b51918cc07ee406e424c7cc86559dede,complete,0.102781,64,63,3,52,46,6,7,14,2000
llvm-regalloc,real,048-instcombine-patternmatch-match-n11-d16.pbqp,48,48ed19d5ac78d7f8f1fd1b47c63f012345abb0cecd5762dd3f6e8fa5d7c3be37,complete,0.103653,46,45,2,40,31,3,15,15,2000
llvm-regalloc,real,049-instcombine-patternmatch-match-n13-d16.pbqp,49,d67c9ecd178cba3107d6b70f03d86982bf64d43fa3bdb9f285c07ffddfd6f670,complete,0.103418,67,66,3,55,46,6,7,15,2000
llvm-regalloc,real,051-instcombine-patternmatch-match-n11-d16.pbqp,51,c3b735cdac31980afeead91a255d99b073b5d170fef6f25e679e92f1e1b9aa3d,complete,0.102679,31,30,2,24,31,3,7,16,2000
llvm-regalloc,real,052-instcombine-patternmatch-match-n10-d16.pbqp,52,8f6cbd2ea43d7bbeca18d907a01e90662e3e7517d4a3956a9a3e44337e92071b,complete,0.103896,8,7,1,5,16,1,7,7,2000
llvm-regalloc,real,053-instcombine-patternmatch-match-n15-d16.pbqp,53,38e70b33ef1c953379d55de4cea3a219251e3802cd0a9702025e241eaae0be43,complete,0.203812,97,96,3,87,46,6,16,16,0
llvm-regalloc,real,056-instcombine-patternmatch-match-n9-d16.pbqp,56,71e54ec7419ec608c059c4835360a259a5d4f5e94975c3f6ffc73e9c1d22514a,complete,0.103468,8,7,1,5,16,1,7,7,2000
llvm-regalloc,real,058-instcombine-patternmatch-match-n7-d16.pbqp,58,4d5b6830dcd343c4fe56a1e8701530c6d5bade83c87e62013053a86df385792c,complete,0.103113,49,48,2,42,31,3,16,16,0
llvm-regalloc,real,060-instcombine-patternmatch-match-n8-d16.pbqp,60,58af361a32636a83244d4272c4d1ccac41cae126e477e3e128ba446be37ba961,complete,0.102976,17,16,1,14,16,1,16,16,0
llvm-regalloc,real,061-instcombine-patternmatch-match-n9-d16.pbqp,61,2f483ee097e3c69d10d46c10a884f2a60d5408fd1b99373ceb27f39f021c71ad,complete,0.103224,49,48,2,43,31,3,16,16,0
llvm-regalloc,real,062-instcombine-patternmatch-match-n8-d16.pbqp,62,d00d43407ad83cee0ba2252fd8dc34a37fcc51f0fb1777edcd80cc5930cef86d,complete,0.103291,17,16,1,14,16,1,16,16,0
llvm-regalloc,real,063-instcombine-patternmatch-match-n8-d16.pbqp,63,19884e20259a36d12ab2a5dc507ea7ec6e54440e36a86bd7bfc098dae89696b6,complete,0.102918,17,16,1,14,16,1,16,16,0
llvm-regalloc,real,064-instcombine-patternmatch-match-n8-d16.pbqp,64,73e74259635f6730ff9627efc73d3dd9ab117c6c0651c5003d707cca80a386dd,complete,0.102961,17,16,1,14,16,1,16,16,0
llvm-regalloc,real,065-instcombine-patternmatch-match-n9-d16.pbqp,65,65ec5a174b553baceb730ef5bb41c4ac671c65cc7e3a9fda7a068db59772f3e9,complete,0.102876,49,48,2,43,31,3,16,16,0
llvm-regalloc,real,066-instcombine-patternmatch-match-n7-d16.pbqp,66,49159bc8d297e617a64bd3f759d05cfdac0776fbdac246a2f0827804d55cabc0,complete,0.103288,8,7,1,5,16,1,7,7,1000
llvm-regalloc,real,067-instcombine-patternmatch-match-n7-d16.pbqp,67,1359d0803091a2d06df4f6ec9575c3b930b8b3388adb042a18198b04cbcfd942,complete,0.102453,8,7,1,5,16,1,7,7,1000
llvm-regalloc,real,068-instcombine-patternmatch-match-n8-d16.pbqp,68,de7b62b309d6a51123c86bc548d7933b6ff2559daf04b91d3c90f5846a8b85db,complete,0.102805,30,29,2,23,31,3,7,15,1000
llvm-regalloc,real,069-instcombine-patternmatch-match-n8-d16.pbqp,69,c799b3f5ce42b7f1b5ca449ef1a2e2ca59e19ba2284bab749d493eea2c0518d3,complete,0.102956,30,29,2,23,31,3,7,15,1000
llvm-regalloc,real,071-instcombine-patternmatch-match-n10-d16.pbqp,71,83abd1db68943bad45552546cfafbca48ee65a03e2198d070934ea2e8f1f741e,complete,0.103469,113,112,3,101,46,7,16,16,0
llvm-regalloc,real,074-instcombine-patternmatch-match-n10-d16.pbqp,74,fdaf395bdaeb084ecdd3336806aa8cc89b82db81422589a0de47fe9f5a698338,complete,0.103558,17,16,1,14,16,1,16,16,0
llvm-regalloc,real,077-instcombine-patternmatch-match-n12-d16.pbqp,77,fa81bc270b2be44241f5cbcc2608c9d052f00a61f0072fa074395356deb2c339,complete,0.103143,17,16,1,14,16,1,16,16,0
llvm-regalloc,real,079-instcombine-patternmatch-match-n10-d16.pbqp,79,b06c9c97d4e9396aab5a1a98b3345c7594ed950e03adc42a5769956fdff5605a,complete,0.103422,95,94,3,83,46,7,7,16,1000
llvm-regalloc,real,080-instcombine-patternmatch-match-n7-d16.pbqp,80,6cd34b205d771c2c1d774b7e2b6db4255f15b84fbef3fe4fd246d523269326fe,complete,0.103098,49,48,2,42,31,3,16,16,0
llvm-regalloc,real,082-instcombine-patternmatch-match-n12-d16.pbqp,82,851fc50891a6c60735b23f94ed829f409a7641664940e38118ba2c8704677d65,complete,0.103515,59,58,3,47,46,7,7,16,4000
llvm-regalloc,real,086-instcombine-patternmatch-match-n9-d16.pbqp,86,11007b410b0552fb91b622b6a95083db937261a3f17b213000645d88ea210e79,complete,0.103022,95,94,3,83,46,7,7,16,1000
llvm-regalloc,real,097-instcombine-patternmatch-match-n14-d16.pbqp,97,3ac3d23f4f2ce3b6ef78080f319aeec0c3e83e29cd9f100a41ede387eaa152c8,complete,0.103046,94,93,3,70,46,6,15,16,2000
llvm-regalloc,real,101-instcombine-patternmatch-match-n9-d16.pbqp,101,5b43c8a77e05b3a286c666b8f609fee999a66bfd137c104065d0bdefb93893cf,complete,0.102752,113,112,3,99,46,7,16,16,0
llvm-regalloc,real,028-instcombine-faddend-scale-n17-d16.pbqp,28,3c446465f87de7235ee91996d95131d0b81bc6eca1b28aed333b5b4bc5b26640,timeout,45.067314,,,,,,7110,7,16,
llvm-regalloc,real,030-instcombine-selectinst-create-n9-d15.pbqp,30,d824c25ecb2fd982713730b06e8590e6e4a1dd84cb61c9f202ba994b637114c3,complete,8.613680,25488,25487,6,21834,85,3641,7,7,26008
llvm-regalloc,real,031-instcombine-selectinst-create-n8-d15-r1.pbqp,31,fb2260528e9ec84b2dbea2174a99b21cc53adec06c15ddfb838df0702d33b677,complete,0.103106,85,84,4,66,57,12,7,7,6000
llvm-regalloc,real,032-instcombine-densemapbase-grow-n22-d17.pbqp,32,b4ebce63a896c62838fca6486786f3afb8efc3eecc9e67ecd8cf69d013758b49,complete,0.203478,337,336,6,287,97,33,7,16,3000
llvm-regalloc,real,037-instcombine-densemapbase-grow-n20-d17.pbqp,37,12f9e9f1b41dc3aaa5cf96403937849e9f7392b399d214cdcf39d0875876212a,complete,0.103490,125,124,4,104,65,12,7,15,3000
llvm-regalloc,real,044-instcombine-instcombiner-replaceinstuseswith-n16-d16-r1.pbqp,44,f99d39f67cddbcf6e08dcc0f8bf0c42bba1d18827801401c0e9b6f9ba1f03989,timeout,45.055710,,,,,,27775,7,16,
llvm-regalloc,real,050-instcombine-patternmatch-match-n11-d16.pbqp,50,dcb5287c4d44a6cd2dcba0aadcd1452ac68af25a491ff5cb5b9bfd512a398ee0,complete,15.121113,13759,13758,6,267,91,937,7,16,2000
llvm-regalloc,real,054-instcombine-patternmatch-match-n14-d16.pbqp,54,a08d364c560a3ae183a75d9d417392b92864074e8d696cb01567477fc563599b,complete,0.203748,325,324,6,285,91,26,7,16,2000
llvm-regalloc,real,059-instcombine-patternmatch-match-n13-d16.pbqp,59,fc579d5d74b415d68ce194201032eda03d07b23d1aee472046dbfa0654262a6e,complete,2.306075,2118,2117,5,176,76,143,7,16,1000
