negative_log10_probability,negative_log_probability,millilog_units,error
2,4.605170185988091,4605,0.00017018598809048768
3,6.907755278982137,6908,0.0002447210178635473
4,9.210340371976182,9210,0.00034037197618097537
5,11.512925464970229,11513,7.453502977128323e-05
6,13.815510557964274,13816,0.0004894420357270945
7,16.11809565095832,16118,9.565095832186898e-05
8,18.420680743952367,18421,0.000319256047632166
9,20.72326583694641,20723,0.0002658369464114685
10,23.025850929940457,23026,0.00014907005954256647
11,25.328436022934504,25328,0.0004360229345046207
12,27.631021115928547,27631,2.1115928547033036e-05
13,29.933606208922594,29934,0.0003937910774070019
14,32.23619130191664,32236,0.00019130191664373797
15,34.538776394910684,34539,0.00022360508931740242
16,36.841361487904734,36841,0.00036148790473333747
17,39.14394658089878,39144,5.3419101220697485e-05
18,41.44653167389282,41447,0.00046832610718183787
19,43.74911676688687,43749,0.00011676688686890202
20,46.051701859880914,46052,0.00029814011908513294
21,48.35428695287496,48354,0.0002869528749585015
22,50.65687204586901,50657,0.000127954130988428
23,52.95945713886305,52959,0.00045713886304810103
24,55.262042231857095,55262,4.223185709406607e-05
25,57.564627324851145,57565,0.00037267514885286346
26,59.86721241784519,59867,0.000212417845190771
27,62.16979751083923,62170,0.00020248916077036938
28,64.47238260383328,64472,0.00038260383328747594
29,66.77496769682732,66775,3.23031726878753e-05
30,69.07755278982137,69078,0.00044721017863480483
